Hospital,Ratio,FY 2020,FY 2021,FY 2022,FY 2023,FY 2024
Bridgton Hospital,Total Margin,6.94,12.47,16.1,24.09,8.19
Bridgton Hospital,Operating Margin,4.04,9.64,15.91,18.71,7.48
Bridgton Hospital,Non Operating Revenue,43.49,25.11,1.37,27.5,9.44
Bridgton Hospital,Return on Equity,8.05,33.8,78.36,73.96,20.94
Bridgton Hospital,Current Ratio without Board Designated & Undesignated Investments rate,3.106,1.43,0.792,1.867,1.2
Bridgton Hospital,Days in Accounts Receivable days,41.5,49.5,36.5,40.6,41.5
Bridgton Hospital,"Days Cash on Hand, Current days",266.6,62.2,3.4,3.0,3.4
Bridgton Hospital,"Days Cashon Hand, InclBoard Designated &Undesignated Investments days",318.7,124.4,60.7,66.5,104.3
Bridgton Hospital,"Average Pay Period, Current Liabilities days",104.6,88.4,67.7,61.5,47.4
Bridgton Hospital,Equity Financing Ratio,68.8,52.06,45.66,61.71,65.64
Bridgton Hospital,Fixed Asset Financing,40.89,43.38,40.39,41.04,34.61
Bridgton Hospital,Cash Flow Divided by Total Debt,28.81,48.36,78.7,132.11,52.94
Bridgton Hospital,Debt Service Coverage rate,8.056,13.998,20.491,31.093,9.916
Bridgton Hospital,Total Asset Turnover rate,0.798,1.411,2.223,1.894,1.678
Bridgton Hospital,Fixed Asset Turnover rate,3.336,4.238,5.388,5.844,4.953
Bridgton Hospital,Average Age of Plant Depreciation Only years,13.7,13.8,16.8,19.5,24.2
Calais Regional Hospital,Total Margin,13.61,20.42,3.88,0.84,2.52
Calais Regional Hospital,Operating Margin,13.48,5.61,3.52,0.84,1.97
Calais Regional Hospital,Non Operating Revenue,1.13,76.84,9.7,0.0,22.38
Calais Regional Hospital,Return on Equity (,97.43,100.0,26.66,5.61,15.16
Calais Regional Hospital,Current Ratio without Board Designated & Undesignated Investments rate,2.097,2.157,2.618,2.546,3.042
Calais Regional Hospital,Days in Accounts Receivable days,22.7,49.6,21.7,16.3,14.2
Calais Regional Hospital,"Days Cash on Hand, Current days",28.5,216.6,70.6,72.5,72.9
Calais Regional Hospital,"Days Cashon Hand, InclBoard Designated &Undesignated Investments days",32.9,216.6,70.6,72.5,72.9
Calais Regional Hospital,"Average Pay Period, Current Liabilities days",51.1,135.7,44.5,41.4,31.5
Calais Regional Hospital,Equity Financing Ratio (,21.51,19.67,27.61,29.05,34.73
Calais Regional Hospital,Fixed Asset Financing,0.0,132.84,118.06,108.53,105.53
Calais Regional Hospital,Cash Flow Divided by Total Debt,20.87,25.63,14.54,8.48,16.12
Calais Regional Hospital,Debt Service Coverage rate (cid:,132.0,93.456,4.023,1.834,2.547
Calais Regional Hospital,Total Asset Turnover rate,1.539,0.963,1.894,1.939,2.086
Calais Regional Hospital,Fixed Asset Turnover rate,2.868,2.068,4.407,4.239,4.544
Calais Regional Hospital,Average Age of Plant Depreciation Only years,23.8,1.0,1.3,1.9,2.6
Cary Medical Center,Total Margin,1.41,4.49,0.58,0.44,1.04
Cary Medical Center,Operating Margin,1.31,4.51,0.63,0.53,0.92
Cary Medical Center,Non Operating Revenue,7.25,0.3,9.07,21.51,11.17
Cary Medical Center,Return on Equity,3.81,11.78,1.51,1.18,3.0
Cary Medical Center,Current Ratio without Board Designated & Undesignated Investments rate,1.463,1.686,2.196,2.308,2.046
Cary Medical Center,Days in Accounts Receivable days,61.3,45.9,74.7,65.0,69.4
Cary Medical Center,"Days Cash on Hand, Current days",126.7,105.8,34.6,23.8,14.6
Cary Medical Center,"Days Cashon Hand, InclBoard Designated &Undesignated Investments days",154.6,131.4,57.7,46.9,37.1
Cary Medical Center,"Average Pay Period, Current Liabilities days",151.1,108.7,63.6,53.3,60.7
Cary Medical Center,Equity Financing Ratio,48.03,56.82,66.27,68.32,65.25
Cary Medical Center,Fixed Asset Financing,0.67,7.28,16.35,18.73,14.8
Cary Medical Center,Cash Flow Divided by Total Debt,10.14,23.33,15.17,18.54,9.51
Cary Medical Center,Debt Service Coverage rate,9.122,770.188,22.79,14.247,1.745
Cary Medical Center,Total Asset Turnover rate,1.297,1.489,1.731,1.839,1.877
Cary Medical Center,Fixed Asset Turnover rate,8.556,7.247,6.898,6.404,7.286
Cary Medical Center,Average Age of Plant Depreciation Only years,20.2,21.1,19.7,15.7,15.6
Central Maine Medical Center,Total Margin (,2.51,4.4,5.44,4.13,6.34
Central Maine Medical Center,Operating Margin (,2.63,4.53,5.57,4.02,5.84
Central Maine Medical Center,Non Operating Revenue (,4.62,2.97,2.11,2.53,7.44
Central Maine Medical Center,Return on Equity (,162.3,28.78,37.56,22.99,42.47
Central Maine Medical Center,Current Ratio without Board Designated & Undesignated Investments rate,0.773,1.364,1.201,1.811,1.574
Central Maine Medical Center,Days in Accounts Receivable days,43.0,49.6,39.0,38.0,36.9
Central Maine Medical Center,"Days Cash on Hand, Current days",59.8,27.0,7.6,7.8,7.4
Central Maine Medical Center,"Days Cashon Hand, InclBoard Designated &Undesignated Investments days",59.8,27.0,7.6,9.1,8.7
Central Maine Medical Center,"Average Pay Period, Current Liabilities days",158.6,63.9,52.9,41.1,42.6
Central Maine Medical Center,Equity Financing Ratio,2.2,25.98,26.78,34.53,30.28
Central Maine Medical Center,Fixed Asset Financing,84.57,87.74,84.25,86.23,84.88
Central Maine Medical Center,Cash Flow Divided by Total Debt,3.14,0.35,3.98,1.21,9.11
Central Maine Medical Center,Debt Service Coverage rate,1.449,0.5,0.401,0.214,0.517
Central Maine Medical Center,Total Asset Turnover rate,1.424,1.7,1.848,1.923,2.027
Central Maine Medical Center,Fixed Asset Turnover rate,3.413,3.8,3.341,3.765,3.947
Central Maine Medical Center,Average Age of Plant Depreciation Only years,16.3,16.9,19.1,19.6,23.5
Down East Community Hospital,Total Margin,5.98,17.26,0.51,1.2,6.63
Down East Community Hospital,Operating Margin,5.27,16.84,0.05,2.03,5.06
Down East Community Hospital,Non Operating Revenue,12.48,2.93,90.32,68.17,25.02
Down East Community Hospital,Return on Equity,19.17,38.44,1.01,2.54,12.81
Down East Community Hospital,Current Ratio without Board Designated & Undesignated Investments rate,1.686,2.114,3.536,3.117,2.761
Down East Community Hospital,Days in Accounts Receivable days,26.6,24.5,21.5,26.9,24.4
Down East Community Hospital,"Days Cash on Hand, Current days",155.7,164.2,95.8,90.8,153.7
Down East Community Hospital,"Days Cashon Hand, InclBoard Designated &Undesignated Investments days",214.5,204.1,110.5,106.4,172.0
Down East Community Hospital,"Average Pay Period, Current Liabilities days",121.2,96.1,40.7,42.6,68.8
Down East Community Hospital,Equity Financing Ratio,32.59,51.7,61.08,63.21,62.06
Down East Community Hospital,Fixed Asset Financing,77.43,52.72,46.84,46.53,47.22
Down East Community Hospital,Cash Flow Divided by Total Debt,13.86,47.56,12.42,10.53,31.77
Down East Community Hospital,Debt Service Coverage rate,5.18,10.775,2.14,1.48,4.992
Down East Community Hospital,Total Asset Turnover rate,1.045,1.152,1.222,1.341,1.198
Down East Community Hospital,Fixed Asset Turnover rate,3.303,2.97,2.532,2.865,3.156
Down East Community Hospital,Average Age of Plant Depreciation Only years,15.6,14.9,13.0,11.7,14.3
Franklin Memorial Hospital,Total Margin (,14.12,0.42,2.96,0.51,5.21
Franklin Memorial Hospital,Operating Margin (,13.76,0.38,3.02,0.54,5.21
Franklin Memorial Hospital,Non Operating Revenue,2.22,11.35,1.8,6.67,0.06
Franklin Memorial Hospital,Return on Equity (,38.99,1.28,10.27,1.76,15.02
Franklin Memorial Hospital,Current Ratio without Board Designated & Undesignated Investments rate,1.821,2.141,2.173,2.145,2.681
Franklin Memorial Hospital,Days in Accounts Receivable days,46.6,55.3,54.3,62.9,74.3
Franklin Memorial Hospital,"Days Cash on Hand, Current days",0.9,1.1,0.7,0.7,0.6
Franklin Memorial Hospital,"Days Cashon Hand, InclBoard Designated &Undesignated Investments days",0.9,1.1,0.7,0.7,0.6
Franklin Memorial Hospital,"Average Pay Period, Current Liabilities days",52.3,46.5,39.8,44.0,37.3
Franklin Memorial Hospital,Equity Financing Ratio,50.99,55.45,57.36,62.34,69.33
Franklin Memorial Hospital,Fixed Asset Financing,34.08,34.87,33.84,28.0,22.48
Franklin Memorial Hospital,Cash Flow Divided by Total Debt (,22.54,21.9,8.38,23.63,16.39
Franklin Memorial Hospital,Debt Service Coverage rate (,3.195,6.128,2.316,5.211,3.292
Franklin Memorial Hospital,Total Asset Turnover rate,1.409,1.68,1.988,2.167,2.0
Franklin Memorial Hospital,Fixed Asset Turnover rate,3.197,3.957,4.838,4.806,4.633
Franklin Memorial Hospital,Average Age of Plant Depreciation Only years,13.4,13.3,13.6,13.5,22.5
Houlton Regional Hospital,Total Margin,0.77,8.48,6.14,4.12,1.85
Houlton Regional Hospital,Operating Margin,0.14,7.72,5.78,4.68,0.2
Houlton Regional Hospital,Non Operating Revenue,81.18,9.68,6.29,12.76,89.12
Houlton Regional Hospital,Return on Equity,8.95,38.15,23.58,16.28,7.52
Houlton Regional Hospital,Current Ratio without Board Designated & Undesignated Investments rate,1.121,1.273,1.532,1.003,1.21
Houlton Regional Hospital,Days in Accounts Receivable days,40.2,51.6,47.3,64.6,59.3
Houlton Regional Hospital,"Days Cash on Hand, Current days",101.9,80.4,37.4,1.4,9.0
Houlton Regional Hospital,"Days Cashon Hand, InclBoard Designated &Undesignated Investments days",142.3,130.4,73.0,38.4,55.9
Houlton Regional Hospital,"Average Pay Period, Current Liabilities days",149.6,111.7,68.9,80.9,67.6
Houlton Regional Hospital,Equity Financing Ratio,11.46,32.24,45.43,45.68,46.64
Houlton Regional Hospital,Fixed Asset Financing,48.63,32.43,23.33,24.55,48.49
Houlton Regional Hospital,Cash Flow Divided by Total Debt,4.0,22.38,26.6,3.6,16.79
Houlton Regional Hospital,Debt Service Coverage rate,1.318,4.789,4.946,0.178,2.676
Houlton Regional Hospital,Total Asset Turnover rate,1.341,1.451,1.744,1.803,1.9
Houlton Regional Hospital,Fixed Asset Turnover rate,5.758,4.945,4.861,4.885,5.876
Houlton Regional Hospital,Average Age of Plant Depreciation Only years,38.2,34.0,29.1,23.4,22.1
LincolnHealth,Total Margin (,1.93,6.22,9.03,4.93,6.26
LincolnHealth,Operating Margin (,1.76,5.76,8.83,4.19,5.56
LincolnHealth,Non Operating Revenue,8.56,7.81,2.48,15.75,11.81
LincolnHealth,Return on Equity (,2.44,6.63,11.24,8.96,14.4
LincolnHealth,Current Ratio without Board Designated & Undesignated Investments rate,2.748,4.441,3.344,1.842,1.565
LincolnHealth,Days in Accounts Receivable days,37.8,37.2,44.6,45.1,39.0
LincolnHealth,"Days Cash on Hand, Current days",64.6,143.9,155.2,93.1,80.1
LincolnHealth,"Days Cashon Hand, InclBoard Designated &Undesignated Investments days",80.2,158.1,166.7,104.1,90.2
LincolnHealth,"Average Pay Period, Current Liabilities days",59.8,61.1,77.8,87.2,86.8
LincolnHealth,Equity Financing Ratio,79.4,83.56,79.13,69.7,65.22
LincolnHealth,Fixed Asset Financing,4.11,3.75,3.12,2.5,1.96
LincolnHealth,Cash Flow Divided by Total Debt,18.98,59.3,61.06,36.77,38.44
LincolnHealth,Debt Service Coverage rate,2.097,20.495,43.566,83.3,39.125
LincolnHealth,Total Asset Turnover rate,1.003,0.891,0.985,1.267,1.501
LincolnHealth,Fixed Asset Turnover rate,2.016,2.473,2.833,2.796,3.29
LincolnHealth,Average Age of Plant Depreciation Only years,11.2,12.3,13.4,13.7,17.8
Maine Behavioral Health,Total Margin (,2.81,5.84,16.01,16.09,15.69
Maine Behavioral Health,Operating Margin (,2.08,5.84,16.24,16.08,15.7
Maine Behavioral Health,Non Operating Revenue,25.51,0.03,1.22,0.06,0.05
Maine Behavioral Health,Return on Equity (,17.04,15.56,50.15,52.85,38.79
Maine Behavioral Health,Current Ratio without Board Designated & Undesignated Investments rate,0.589,1.016,0.646,0.844,1.606
Maine Behavioral Health,Days in Accounts Receivable days,26.5,30.2,33.7,40.8,33.8
Maine Behavioral Health,"Days Cash on Hand, Current days",0.1,0.1,0.4,0.2,0.8
Maine Behavioral Health,"Days Cashon Hand, InclBoard Designated &Undesignated Investments days",0.1,0.1,0.4,0.2,0.8
Maine Behavioral Health,"Average Pay Period, Current Liabilities days",45.3,33.6,29.2,45.1,41.0
Maine Behavioral Health,Equity Financing Ratio,45.68,77.12,75.8,68.1,75.56
Maine Behavioral Health,Fixed Asset Financing,6.38,3.96,3.07,1.0,1.0
Maine Behavioral Health,Cash Flow Divided by Total Debt (,0.64,24.53,115.96,84.93,99.13
Maine Behavioral Health,Debt Service Coverage rate,0.301,4.722,27.368,34.035,72.449
Maine Behavioral Health,Total Asset Turnover rate,2.77,2.054,2.374,2.237,1.868
Maine Behavioral Health,Fixed Asset Turnover rate,3.589,2.589,2.747,3.029,3.017
Maine Behavioral Health,Average Age of Plant Depreciation Only years,10.0,8.4,6.7,7.3,12.1
Maine Medical Center,Total Margin,6.64,8.87,4.49,8.34,9.83
Maine Medical Center,Operating Margin,7.56,9.22,4.36,7.48,9.53
Maine Medical Center,Non Operating Revenue (,15.08,4.28,3.18,11.2,3.39
Maine Medical Center,Return on Equity,70.31,44.88,20.44,33.06,35.96
Maine Medical Center,Current Ratio without Board Designated & Undesignated Investments rate,1.703,2.373,1.781,1.662,1.72
Maine Medical Center,Days in Accounts Receivable days,43.5,47.1,41.4,56.2,58.9
Maine Medical Center,"Days Cash on Hand, Current days",42.0,60.0,36.4,15.3,15.5
Maine Medical Center,"Days Cashon Hand, InclBoard Designated &Undesignated Investments days",77.4,60.0,36.4,15.3,15.5
Maine Medical Center,"Average Pay Period, Current Liabilities days",66.2,56.2,58.4,61.3,58.0
Maine Medical Center,Equity Financing Ratio,11.16,26.06,32.08,37.86,41.5
Maine Medical Center,Fixed Asset Financing,80.07,73.55,57.82,53.02,49.73
Maine Medical Center,Cash Flow Divided by Total Debt,16.38,24.84,19.64,30.19,33.1
Maine Medical Center,Debt Service Coverage rate,15.605,16.537,12.988,22.941,20.887
Maine Medical Center,Total Asset Turnover rate,1.182,1.318,1.459,1.5,1.518
Maine Medical Center,Fixed Asset Turnover rate,2.284,2.417,2.414,2.371,2.382
Maine Medical Center,Average Age of Plant Depreciation Only years,9.6,10.3,11.2,12.3,16.6
MaineGeneral Medical Center Augusta,Total Margin (,1.4,0.48,0.51,2.21,1.41
MaineGeneral Medical Center Augusta,Operating Margin (,1.48,1.14,0.85,2.71,1.71
MaineGeneral Medical Center Augusta,Non Operating Revenue (,6.03,333.3,267.96,22.33,21.23
MaineGeneral Medical Center Augusta,Return on Equity (,3.96,1.33,1.6,7.48,5.38
MaineGeneral Medical Center Augusta,Current Ratio without Board Designated & Undesignated Investments rate,0.993,1.377,1.88,1.776,1.601
MaineGeneral Medical Center Augusta,Days in Accounts Receivable days,53.5,59.6,58.0,55.1,57.0
MaineGeneral Medical Center Augusta,"Days Cash on Hand, Current days",16.3,14.8,14.6,10.8,11.6
MaineGeneral Medical Center Augusta,"Days Cashon Hand, InclBoard Designated &Undesignated Investments days",96.6,82.5,46.0,29.5,26.6
MaineGeneral Medical Center Augusta,"Average Pay Period, Current Liabilities days",82.8,65.6,48.4,48.9,54.6
MaineGeneral Medical Center Augusta,Equity Financing Ratio,29.62,33.99,33.24,32.79,31.1
MaineGeneral Medical Center Augusta,Fixed Asset Financing,75.08,78.14,78.05,76.32,76.11
MaineGeneral Medical Center Augusta,Cash Flow Divided by Total Debt,3.04,6.07,4.85,2.41,3.58
MaineGeneral Medical Center Augusta,Debt Service Coverage rate,1.253,1.818,1.526,0.961,1.068
MaineGeneral Medical Center Augusta,Total Asset Turnover rate,0.838,0.94,1.038,1.112,1.188
MaineGeneral Medical Center Augusta,Fixed Asset Turnover rate,1.424,1.594,1.816,1.842,2.003
MaineGeneral Medical Center Augusta,Average Age of Plant Depreciation Only years,12.6,12.8,13.1,13.5,13.7
Mid Coast Hospital,Total Margin (,5.41,3.76,4.89,2.01,0.74
Mid Coast Hospital,Operating Margin (,8.64,2.12,9.14,2.26,0.5
Mid Coast Hospital,Non Operating Revenue (,55.06,44.5,79.59,12.5,33.1
Mid Coast Hospital,Return on Equity (,9.4,5.87,12.95,5.87,2.26
Mid Coast Hospital,Current Ratio without Board Designated & Undesignated Investments rate,2.067,2.162,1.95,1.708,1.857
Mid Coast Hospital,Days in Accounts Receivable days,65.7,76.2,54.0,48.7,42.2
Mid Coast Hospital,"Days Cash on Hand, Current days",37.6,2.1,5.9,2.2,2.3
Mid Coast Hospital,"Days Cashon Hand, InclBoard Designated &Undesignated Investments days",143.8,111.5,14.5,9.6,10.5
Mid Coast Hospital,"Average Pay Period, Current Liabilities days",53.1,55.3,50.0,55.4,40.9
Mid Coast Hospital,Equity Financing Ratio,56.73,74.46,65.95,64.42,71.22
Mid Coast Hospital,Fixed Asset Financing,32.32,26.01,20.3,15.5,10.26
Mid Coast Hospital,Cash Flow Divided by Total Debt (,4.68,31.28,6.0,8.42,24.19
Mid Coast Hospital,Debt Service Coverage rate (,0.814,4.132,0.545,1.183,2.478
Mid Coast Hospital,Total Asset Turnover rate,0.986,1.162,1.746,1.885,2.167
Mid Coast Hospital,Fixed Asset Turnover rate,3.261,3.578,3.464,3.924,4.208
Mid Coast Hospital,Average Age of Plant Depreciation Only years,13.0,13.1,11.6,11.9,16.9
Millinocket Regional Hospital,Total Margin (,0.03,11.78,1.52,3.04,7.0
Millinocket Regional Hospital,Operating Margin (,1.16,10.47,1.59,3.64,8.11
Millinocket Regional Hospital,Non Operating Revenue (,4433.07,12.36,4.69,19.09,14.7
Millinocket Regional Hospital,Return on Equity (,0.15,45.44,5.36,11.38,34.53
Millinocket Regional Hospital,Current Ratio without Board Designated & Undesignated Investments rate,1.022,1.676,1.633,1.791,1.051
Millinocket Regional Hospital,Days in Accounts Receivable days,37.4,32.6,38.0,37.7,45.8
Millinocket Regional Hospital,"Days Cash on Hand, Current days",113.5,75.5,60.9,17.6,9.2
Millinocket Regional Hospital,"Days Cashon Hand, InclBoard Designated &Undesignated Investments days",136.2,102.3,94.9,56.2,29.0
Millinocket Regional Hospital,"Average Pay Period, Current Liabilities days",169.8,75.7,68.3,36.3,70.5
Millinocket Regional Hospital,Equity Financing Ratio,22.8,48.68,49.25,56.05,40.68
Millinocket Regional Hospital,Fixed Asset Financing,74.05,61.17,57.03,59.26,44.25
Millinocket Regional Hospital,Cash Flow Divided by Total Debt,3.73,50.05,11.84,3.23,16.12
Millinocket Regional Hospital,Debt Service Coverage rate,3.203,19.376,4.259,0.046,2.812
Millinocket Regional Hospital,Total Asset Turnover rate,1.368,1.878,1.74,2.098,2.007
Millinocket Regional Hospital,Fixed Asset Turnover rate,6.71,6.396,5.963,6.031,4.813
Millinocket Regional Hospital,Average Age of Plant Depreciation Only years,26.3,27.8,28.8,25.3,27.0
Mount Desert Island Hospital,Total Margin,2.02,11.44,10.91,4.58,0.03
Mount Desert Island Hospital,Operating Margin,2.4,10.28,10.48,4.34,0.26
Mount Desert Island Hospital,Non Operating Revenue (,19.02,11.31,4.36,5.09,988.75
Mount Desert Island Hospital,Return on Equity,5.51,26.59,21.47,9.12,0.06
Mount Desert Island Hospital,Current Ratio without Board Designated & Undesignated Investments rate,1.497,1.229,1.685,1.532,1.624
Mount Desert Island Hospital,Days in Accounts Receivable days,39.4,49.7,53.3,75.5,66.6
Mount Desert Island Hospital,"Days Cash on Hand, Current days",94.3,109.5,82.2,33.7,25.6
Mount Desert Island Hospital,"Days Cashon Hand, InclBoard Designated &Undesignated Investments days",129.6,159.8,139.5,87.6,76.5
Mount Desert Island Hospital,"Average Pay Period, Current Liabilities days",92.4,132.6,84.5,71.7,61.2
Mount Desert Island Hospital,Equity Financing Ratio,39.89,43.7,57.39,56.64,56.12
Mount Desert Island Hospital,Fixed Asset Financing,62.13,52.29,32.31,32.46,44.67
Mount Desert Island Hospital,Cash Flow Divided by Total Debt,8.74,25.27,34.88,3.33,8.47
Mount Desert Island Hospital,Debt Service Coverage rate,1.909,6.413,7.056,0.481,3.298
Mount Desert Island Hospital,Total Asset Turnover rate,1.088,1.016,1.13,1.127,1.1
Mount Desert Island Hospital,Fixed Asset Turnover rate,3.112,3.25,3.089,2.918,2.468
Mount Desert Island Hospital,Average Age of Plant Depreciation Only years,18.7,17.3,18.3,14.4,14.3
New England Rehabilitation Hospital,Total Margin,25.59,24.95,22.11,25.13,26.97
New England Rehabilitation Hospital,Operating Margin,25.59,24.95,22.11,25.23,26.48
New England Rehabilitation Hospital,Non Operating Revenue,0.0,0.0,0.0,0.56,2.46
New England Rehabilitation Hospital,Return on Equity,126.37,151.74,93.79,88.83,176.08
New England Rehabilitation Hospital,Current Ratio without Board Designated & Undesignated Investments rate,2.196,1.536,2.143,2.223,0.76
New England Rehabilitation Hospital,Days in Accounts Receivable days,69.0,56.2,56.2,48.1,40.1
New England Rehabilitation Hospital,"Days Cash on Hand, Current days",52.5,69.9,39.8,55.5,1.0
New England Rehabilitation Hospital,"Days Cashon Hand, InclBoard Designated &Undesignated Investments days",52.5,69.9,39.8,55.5,1.0
New England Rehabilitation Hospital,"Average Pay Period, Current Liabilities days",69.7,97.0,53.8,55.6,77.6
New England Rehabilitation Hospital,Equity Financing Ratio,49.31,27.08,41.95,51.85,37.14
New England Rehabilitation Hospital,Fixed Asset Financing,55.91,469.82,220.35,215.41,192.21
New England Rehabilitation Hospital,Cash Flow Divided by Total Debt,138.68,59.08,72.35,103.38,109.67
New England Rehabilitation Hospital,Debt Service Coverage rate,9.246,10.448,7.055,8.98,9.712
New England Rehabilitation Hospital,Total Asset Turnover rate,2.435,1.646,1.779,1.833,2.425
New England Rehabilitation Hospital,Fixed Asset Turnover rate,8.904,19.192,10.463,14.333,17.886
New England Rehabilitation Hospital,Average Age of Plant Depreciation Only years,13.1,9.6,8.2,5.2,7.7
Northern Light AR Gould Hospital,Total Margin (,0.47,2.04,6.96,3.68,5.67
Northern Light AR Gould Hospital,Operating Margin (,0.39,2.22,7.11,3.65,5.69
Northern Light AR Gould Hospital,Non Operating Revenue,17.8,8.61,2.04,0.93,0.39
Northern Light AR Gould Hospital,Return on Equity (,3.87,20.22,223.08,55.56,390.11
Northern Light AR Gould Hospital,Current Ratio without Board Designated & Undesignated Investments rate,1.685,1.132,0.735,1.052,0.775
Northern Light AR Gould Hospital,Days in Accounts Receivable days,52.0,51.5,51.0,55.0,49.4
Northern Light AR Gould Hospital,"Days Cash on Hand, Current days",46.8,6.6,32.1,25.2,6.4
Northern Light AR Gould Hospital,"Days Cashon Hand, InclBoard Designated &Undesignated Investments days",62.4,24.6,18.3,10.4,11.6
Northern Light AR Gould Hospital,"Average Pay Period, Current Liabilities days",69.6,79.1,48.4,60.2,84.7
Northern Light AR Gould Hospital,Equity Financing Ratio,21.57,20.19,9.24,17.69,3.42
Northern Light AR Gould Hospital,Fixed Asset Financing,66.04,67.47,68.07,68.98,65.66
Northern Light AR Gould Hospital,Cash Flow Divided by Total Debt,4.15,0.62,15.36,18.79,8.69
Northern Light AR Gould Hospital,Debt Service Coverage rate,3.83,1.245,5.223,9.103,3.186
Northern Light AR Gould Hospital,Total Asset Turnover rate,1.761,2.001,2.962,2.671,2.351
Northern Light AR Gould Hospital,Fixed Asset Turnover rate,4.905,5.101,5.395,6.1,5.694
Northern Light AR Gould Hospital,Average Age of Plant Depreciation Only years,19.4,20.1,20.8,20.4,22.6
Northern Light Acadia Hospital,Total Margin,10.41,10.62,6.04,1.71,13.17
Northern Light Acadia Hospital,Operating Margin,10.5,10.71,6.11,2.66,13.27
Northern Light Acadia Hospital,Non Operating Revenue (,0.95,0.97,1.23,57.08,0.93
Northern Light Acadia Hospital,Return on Equity,32.03,24.34,12.23,3.19,23.03
Northern Light Acadia Hospital,Current Ratio without Board Designated & Undesignated Investments rate,4.189,4.506,4.731,2.735,3.778
Northern Light Acadia Hospital,Days in Accounts Receivable days,18.8,24.3,24.5,24.8,11.7
Northern Light Acadia Hospital,"Days Cash on Hand, Current days",161.9,145.0,142.6,267.6,169.4
Northern Light Acadia Hospital,"Days Cashon Hand, InclBoard Designated &Undesignated Investments days",162.9,146.4,144.0,269.3,170.7
Northern Light Acadia Hospital,"Average Pay Period, Current Liabilities days",56.2,57.8,46.4,113.4,74.2
Northern Light Acadia Hospital,Equity Financing Ratio,46.04,57.55,62.62,34.82,44.79
Northern Light Acadia Hospital,Fixed Asset Financing,0.57,0.12,0.14,76.99,67.18
Northern Light Acadia Hospital,Cash Flow Divided by Total Debt,30.76,36.68,24.31,2.88,22.89
Northern Light Acadia Hospital,Debt Service Coverage rate,5.432,9614.815,1445.412,289.126,7.228
Northern Light Acadia Hospital,Total Asset Turnover rate,1.416,1.319,1.269,0.649,0.784
Northern Light Acadia Hospital,Fixed Asset Turnover rate,7.503,8.055,4.454,1.424,1.592
Northern Light Acadia Hospital,Average Age of Plant Depreciation Only years,30.8,32.8,34.0,34.2,11.6
Northern Light Blue Hill Hospital,Total Margin,7.04,13.24,15.9,3.56,5.48
Northern Light Blue Hill Hospital,Operating Margin,7.06,13.24,15.9,4.03,5.51
Northern Light Blue Hill Hospital,Non Operating Revenue (,0.34,0.05,0.03,13.83,0.68
Northern Light Blue Hill Hospital,Return on Equity,23.4,32.68,28.91,5.0,7.1
Northern Light Blue Hill Hospital,Current Ratio without Board Designated & Undesignated Investments rate,2.988,2.189,2.594,3.002,3.219
Northern Light Blue Hill Hospital,Days in Accounts Receivable days,26.9,42.8,55.3,46.1,68.8
Northern Light Blue Hill Hospital,"Days Cash on Hand, Current days",199.9,238.1,283.4,347.4,299.0
Northern Light Blue Hill Hospital,"Days Cashon Hand, InclBoard Designated &Undesignated Investments days",203.0,242.0,286.9,351.3,303.6
Northern Light Blue Hill Hospital,"Average Pay Period, Current Liabilities days",82.4,141.6,140.6,137.1,121.5
Northern Light Blue Hill Hospital,Equity Financing Ratio,38.86,46.44,52.36,42.94,47.01
Northern Light Blue Hill Hospital,Fixed Asset Financing,32.14,34.14,20.35,85.63,73.76
Northern Light Blue Hill Hospital,Cash Flow Divided by Total Debt,18.54,31.7,34.66,5.84,10.81
Northern Light Blue Hill Hospital,Debt Service Coverage rate,33.786,56.365,44.88,14.094,5.386
Northern Light Blue Hill Hospital,Total Asset Turnover rate,1.291,1.146,0.952,0.603,0.609
Northern Light Blue Hill Hospital,Fixed Asset Turnover rate,6.646,7.189,4.63,1.729,1.517
Northern Light Blue Hill Hospital,Average Age of Plant Depreciation Only years,33.1,33.0,35.2,26.7,14.3
Northern Light C.A. Dean Hospital,Total Margin,6.26,18.59,3.31,1.06,5.96
Northern Light C.A. Dean Hospital,Operating Margin,6.31,18.6,3.32,1.66,5.98
Northern Light C.A. Dean Hospital,Non Operating Revenue (,0.95,0.06,0.17,58.31,0.36
Northern Light C.A. Dean Hospital,Return on Equity,21.43,42.08,6.25,1.96,9.33
Northern Light C.A. Dean Hospital,Current Ratio without Board Designated & Undesignated Investments rate,2.523,3.272,3.132,2.593,1.576
Northern Light C.A. Dean Hospital,Days in Accounts Receivable days,35.0,41.9,50.8,58.4,61.2
Northern Light C.A. Dean Hospital,"Days Cash on Hand, Current days",258.0,230.0,172.6,247.5,115.7
Northern Light C.A. Dean Hospital,"Days Cashon Hand, InclBoard Designated &Undesignated Investments days",265.6,237.7,180.6,282.9,150.7
Northern Light C.A. Dean Hospital,"Average Pay Period, Current Liabilities days",130.6,93.4,88.0,124.4,119.8
Northern Light C.A. Dean Hospital,Equity Financing Ratio,26.8,49.66,48.38,30.09,34.51
Northern Light C.A. Dean Hospital,Fixed Asset Financing,72.24,68.03,43.52,94.43,62.74
Northern Light C.A. Dean Hospital,Cash Flow Divided by Total Debt,11.2,46.25,9.84,2.49,0.02
Northern Light C.A. Dean Hospital,Debt Service Coverage rate,9.785,26.974,8.461,4.647,0.472
Northern Light C.A. Dean Hospital,Total Asset Turnover rate,0.918,1.124,0.913,0.56,0.541
Northern Light C.A. Dean Hospital,Fixed Asset Turnover rate,4.046,4.797,2.774,1.205,0.809
Northern Light C.A. Dean Hospital,Average Age of Plant Depreciation Only years,13.7,14.7,16.2,18.4,6.4
Northern Light Eastern Maine Medical Center,Total Margin (,3.85,5.18,8.18,1.36,8.59
Northern Light Eastern Maine Medical Center,Operating Margin (,4.0,5.16,8.01,1.8,8.41
Northern Light Eastern Maine Medical Center,Non Operating Revenue (,3.79,0.34,1.91,33.14,1.86
Northern Light Eastern Maine Medical Center,Return on Equity (,15.06,17.36,31.18,5.16,46.39
Northern Light Eastern Maine Medical Center,Current Ratio without Board Designated & Undesignated Investments rate,2.921,2.736,2.459,2.694,1.774
Northern Light Eastern Maine Medical Center,Days in Accounts Receivable days,54.6,59.2,56.6,57.5,56.7
Northern Light Eastern Maine Medical Center,"Days Cash on Hand, Current days",105.5,76.4,61.2,68.5,69.9
Northern Light Eastern Maine Medical Center,"Days Cashon Hand, InclBoard Designated &Undesignated Investments days",128.9,100.6,80.7,81.5,84.5
Northern Light Eastern Maine Medical Center,"Average Pay Period, Current Liabilities days",62.0,63.5,55.1,59.1,85.1
Northern Light Eastern Maine Medical Center,Equity Financing Ratio,24.26,33.18,30.54,32.3,21.9
Northern Light Eastern Maine Medical Center,Fixed Asset Financing,79.83,78.83,80.35,82.14,83.98
Northern Light Eastern Maine Medical Center,Cash Flow Divided by Total Debt (,0.73,13.21,8.77,7.38,8.67
Northern Light Eastern Maine Medical Center,Debt Service Coverage rate,0.512,5.873,2.127,2.777,2.154
Northern Light Eastern Maine Medical Center,Total Asset Turnover rate,0.948,1.112,1.164,1.224,1.184
Northern Light Eastern Maine Medical Center,Fixed Asset Turnover rate,2.146,2.589,2.529,2.852,2.85
Northern Light Eastern Maine Medical Center,Average Age of Plant Depreciation Only years,14.3,15.6,16.4,17.3,18.1
Northern Light Inland Hospital,Total Margin (,3.98,2.91,10.91,3.17,16.42
Northern Light Inland Hospital,Operating Margin (,3.98,2.73,10.91,3.17,16.42
Northern Light Inland Hospital,Non Operating Revenue,0.0,6.09,0.01,0.0,0.0
Northern Light Inland Hospital,Return on Equity,196.7,176.93,121.9,27.99,57.75
Northern Light Inland Hospital,Current Ratio without Board Designated & Undesignated Investments rate,0.904,0.785,0.111,0.025,0.578
Northern Light Inland Hospital,Days in Accounts Receivable days,48.2,51.0,57.6,62.8,64.5
Northern Light Inland Hospital,"Days Cash on Hand, Current days (",3.9,20.6,92.2,96.4,132.9
Northern Light Inland Hospital,"Days Cashon Hand, InclBoard Designated &Undesignated Investments days",18.2,3.0,72.1,75.3,108.9
Northern Light Inland Hospital,"Average Pay Period, Current Liabilities days",71.1,78.0,49.9,64.1,76.5
Northern Light Inland Hospital,Equity Financing Ratio (,4.68,3.93,34.31,45.33,156.82
Northern Light Inland Hospital,Fixed Asset Financing,71.81,69.12,65.11,65.64,63.87
Northern Light Inland Hospital,Cash Flow Divided by Total Debt (,3.89,12.22,24.72,2.67,30.1
Northern Light Inland Hospital,Debt Service Coverage rate (,1.126,6.685,8.603,0.304,10.427
Northern Light Inland Hospital,Total Asset Turnover rate,2.313,2.394,3.834,4.005,5.516
Northern Light Inland Hospital,Fixed Asset Turnover rate,5.237,5.69,4.92,5.462,4.254
Northern Light Inland Hospital,Average Age of Plant Depreciation Only years,20.4,21.5,21.4,21.1,21.8
Northern Light Maine Coast Hospital,Total Margin (,6.65,1.03,3.28,4.17,1.54
Northern Light Maine Coast Hospital,Operating Margin (,6.66,1.03,3.27,4.17,1.54
Northern Light Maine Coast Hospital,Non Operating Revenue (,0.19,0.41,0.03,0.01,0.0
Northern Light Maine Coast Hospital,Return on Equity (,108.26,18.95,43.82,29.81,10.03
Northern Light Maine Coast Hospital,Current Ratio without Board Designated & Undesignated Investments rate,0.789,0.489,0.37,0.677,0.765
Northern Light Maine Coast Hospital,Days in Accounts Receivable days,48.4,69.5,63.8,77.6,90.3
Northern Light Maine Coast Hospital,"Days Cash on Hand, Current days (",4.5,54.3,59.0,47.7,39.2
Northern Light Maine Coast Hospital,"Days Cashon Hand, InclBoard Designated &Undesignated Investments days",24.6,23.7,36.9,24.0,12.6
Northern Light Maine Coast Hospital,"Average Pay Period, Current Liabilities days",86.7,108.8,68.4,78.4,92.8
Northern Light Maine Coast Hospital,Equity Financing Ratio,10.81,10.88,19.93,28.67,27.7
Northern Light Maine Coast Hospital,Fixed Asset Financing,49.75,47.67,44.54,46.0,45.12
Northern Light Maine Coast Hospital,Cash Flow Divided by Total Debt (,8.69,2.24,17.43,18.55,3.32
Northern Light Maine Coast Hospital,Debt Service Coverage rate (,6.986,2.999,12.282,10.627,1.653
Northern Light Maine Coast Hospital,Total Asset Turnover rate,1.761,2.007,2.667,2.049,1.806
Northern Light Maine Coast Hospital,Fixed Asset Turnover rate,3.509,3.744,4.014,3.467,3.551
Northern Light Maine Coast Hospital,Average Age of Plant Depreciation Only years,6.8,7.8,7.9,7.2,6.7
Northern Light Mayo Hospital,Total Margin (,7.24,7.82,8.0,11.86,11.03
Northern Light Mayo Hospital,Operating Margin (,8.13,7.82,8.0,11.86,11.03
Northern Light Mayo Hospital,Non Operating Revenue (,11.36,0.0,0.0,0.0,0.0
Northern Light Mayo Hospital,Return on Equity (,83.75,50.24,35.79,36.01,26.27
Northern Light Mayo Hospital,Current Ratio without Board Designated & Undesignated Investments rate,0.985,1.012,1.373,2.824,2.507
Northern Light Mayo Hospital,Days in Accounts Receivable days,85.5,61.9,63.1,43.4,63.9
Northern Light Mayo Hospital,"Days Cash on Hand, Current days",78.5,18.0,37.8,69.2,98.8
Northern Light Mayo Hospital,"Days Cashon Hand, InclBoard Designated &Undesignated Investments days",81.0,21.6,40.0,70.4,99.3
Northern Light Mayo Hospital,"Average Pay Period, Current Liabilities days",178.5,143.0,106.8,52.1,88.2
Northern Light Mayo Hospital,Equity Financing Ratio,12.37,30.13,45.41,71.24,65.26
Northern Light Mayo Hospital,Fixed Asset Financing,0.0,1.51,0.86,6.69,10.87
Northern Light Mayo Hospital,Cash Flow Divided by Total Debt (,5.56,29.31,38.46,104.87,58.06
Northern Light Mayo Hospital,Debt Service Coverage rate (,0.248,6.48,13.138,15.472,45.878
Northern Light Mayo Hospital,Total Asset Turnover rate,1.431,1.935,2.031,2.163,1.555
Northern Light Mayo Hospital,Fixed Asset Turnover rate,5.275,6.641,8.065,9.113,8.878
Northern Light Mayo Hospital,Average Age of Plant Depreciation Only years,0.4,1.5,2.7,3.8,4.8
Northern Light Mercy Hospital,Total Margin (,5.02,3.05,4.97,2.79,3.3
Northern Light Mercy Hospital,Operating Margin (,5.31,3.42,5.1,2.79,3.28
Northern Light Mercy Hospital,Non Operating Revenue (,5.36,12.67,2.55,0.01,0.51
Northern Light Mercy Hospital,Return on Equity (,30.08,16.56,35.25,17.77,18.76
Northern Light Mercy Hospital,Current Ratio without Board Designated & Undesignated Investments rate,1.362,0.99,0.398,0.729,0.978
Northern Light Mercy Hospital,Days in Accounts Receivable days,44.5,48.3,48.0,52.5,51.9
Northern Light Mercy Hospital,"Days Cash on Hand, Current days",41.3,1.1,40.1,22.7,9.3
Northern Light Mercy Hospital,"Days Cashon Hand, InclBoard Designated &Undesignated Investments days",118.2,24.4,29.7,10.7,22.7
Northern Light Mercy Hospital,"Average Pay Period, Current Liabilities days",74.8,74.0,57.1,65.7,79.0
Northern Light Mercy Hospital,Equity Financing Ratio,17.68,20.89,18.23,21.33,23.1
Northern Light Mercy Hospital,Fixed Asset Financing,110.32,74.9,64.12,63.78,62.87
Northern Light Mercy Hospital,Cash Flow Divided by Total Debt (,3.11,6.74,3.17,9.95,10.04
Northern Light Mercy Hospital,Debt Service Coverage rate (,0.57,2.474,0.269,2.392,2.75
Northern Light Mercy Hospital,Total Asset Turnover rate,1.059,1.135,1.294,1.36,1.313
Northern Light Mercy Hospital,Fixed Asset Turnover rate,2.37,1.895,1.684,1.958,2.271
Northern Light Mercy Hospital,Average Age of Plant Depreciation Only years,9.8,13.8,8.5,8.0,8.8
Northern Light Sebasticook Valley Hospital,Total Margin,6.77,17.68,17.65,11.53,8.34
Northern Light Sebasticook Valley Hospital,Operating Margin,6.77,17.68,17.65,11.53,8.34
Northern Light Sebasticook Valley Hospital,Non Operating Revenue,0.01,0.0,0.0,0.01,0.01
Northern Light Sebasticook Valley Hospital,Return on Equity,8.77,22.35,19.87,11.28,7.57
Northern Light Sebasticook Valley Hospital,Current Ratio without Board Designated & Undesignated Investments rate,2.989,3.608,6.522,5.692,5.096
Northern Light Sebasticook Valley Hospital,Days in Accounts Receivable days,46.7,39.0,32.6,39.4,42.3
Northern Light Sebasticook Valley Hospital,"Days Cash on Hand, Current days",283.6,292.2,280.6,321.7,374.5
Northern Light Sebasticook Valley Hospital,"Days Cashon Hand, InclBoard Designated &Undesignated Investments days",291.1,299.8,287.0,328.5,380.6
Northern Light Sebasticook Valley Hospital,"Average Pay Period, Current Liabilities days",121.5,98.0,55.0,71.3,86.0
Northern Light Sebasticook Valley Hospital,Equity Financing Ratio,59.12,72.45,82.5,81.14,79.42
Northern Light Sebasticook Valley Hospital,Fixed Asset Financing,27.06,25.71,21.94,20.98,23.41
Northern Light Sebasticook Valley Hospital,Cash Flow Divided by Total Debt,17.57,65.73,103.12,56.41,35.69
Northern Light Sebasticook Valley Hospital,Debt Service Coverage rate,4.482,12.684,16.988,10.798,9.164
Northern Light Sebasticook Valley Hospital,Total Asset Turnover rate,0.766,0.916,0.929,0.794,0.72
Northern Light Sebasticook Valley Hospital,Fixed Asset Turnover rate,2.627,3.395,3.738,3.59,3.591
Northern Light Sebasticook Valley Hospital,Average Age of Plant Depreciation Only years,20.1,20.6,22.6,22.8,23.8
Northern Maine Medical Center,Total Margin,2.96,4.21,5.23,5.05,0.44
Northern Maine Medical Center,Operating Margin,2.5,4.29,3.55,5.43,1.69
Northern Maine Medical Center,Non Operating Revenue,16.04,2.15,162.09,7.11,478.86
Northern Maine Medical Center,Return on Equity,4.99,7.34,9.04,8.19,0.72
Northern Maine Medical Center,Current Ratio without Board Designated & Undesignated Investments rate,1.726,1.96,2.233,2.044,1.807
Northern Maine Medical Center,Days in Accounts Receivable days,38.3,51.8,44.8,41.3,40.7
Northern Maine Medical Center,"Days Cash on Hand, Current days",207.6,106.6,50.0,31.7,20.4
Northern Maine Medical Center,"Days Cashon Hand, InclBoard Designated &Undesignated Investments days",216.0,114.8,97.2,79.8,71.7
Northern Maine Medical Center,"Average Pay Period, Current Liabilities days",156.8,97.5,55.1,54.2,59.2
Northern Maine Medical Center,Equity Financing Ratio,47.9,53.54,40.83,39.83,40.37
Northern Maine Medical Center,Fixed Asset Financing,50.58,48.8,149.92,103.52,84.44
Northern Maine Medical Center,Cash Flow Divided by Total Debt,10.6,16.69,11.77,0.26,5.98
Northern Maine Medical Center,Debt Service Coverage rate,6.655,7.245,5.656,0.323,1.783
Northern Maine Medical Center,Total Asset Turnover rate,0.807,0.934,0.706,0.645,0.671
Northern Maine Medical Center,Fixed Asset Turnover rate,2.325,2.209,2.021,1.365,1.173
Northern Maine Medical Center,Average Age of Plant Depreciation Only years,14.0,12.8,11.2,12.2,13.7
Pen Bay Medical Center,Total Margin,3.78,2.29,1.42,2.3,3.63
Pen Bay Medical Center,Operating Margin,3.55,2.02,1.78,3.61,3.72
Pen Bay Medical Center,Non Operating Revenue,6.13,12.18,24.96,55.09,2.5
Pen Bay Medical Center,Return on Equity,9.43,5.41,3.25,5.94,8.59
Pen Bay Medical Center,Current Ratio without Board Designated & Undesignated Investments rate,1.994,2.339,1.785,1.755,2.083
Pen Bay Medical Center,Days in Accounts Receivable days,39.8,39.9,39.5,43.1,44.9
Pen Bay Medical Center,"Days Cash on Hand, Current days",2.1,2.6,1.3,2.2,1.6
Pen Bay Medical Center,"Days Cashon Hand, InclBoard Designated &Undesignated Investments days",2.7,3.1,1.8,2.7,2.0
Pen Bay Medical Center,"Average Pay Period, Current Liabilities days",41.3,39.9,50.2,46.1,39.3
Pen Bay Medical Center,Equity Financing Ratio,61.17,63.48,69.51,72.42,76.6
Pen Bay Medical Center,Fixed Asset Financing,16.15,11.91,8.87,7.02,5.99
Pen Bay Medical Center,Cash Flow Divided by Total Debt,32.12,27.31,13.14,12.26,5.48
Pen Bay Medical Center,Debt Service Coverage rate,5.3,5.932,2.188,1.947,0.819
Pen Bay Medical Center,Total Asset Turnover rate,1.528,1.498,1.589,1.87,1.815
Pen Bay Medical Center,Fixed Asset Turnover rate,2.804,2.81,3.014,3.219,3.167
Pen Bay Medical Center,Average Age of Plant Depreciation Only years,13.7,13.8,14.3,12.8,18.4
Penobscot Valley Hospital,Total Margin,8.2,7.97,0.32,7.61,2.64
Penobscot Valley Hospital,Operating Margin,8.04,8.12,0.28,7.77,2.47
Penobscot Valley Hospital,Non Operating Revenue,2.03,2.08,13.54,1.99,6.34
Penobscot Valley Hospital,Return on Equity (,55.88,62.44,2.6,148.39,98.3
Penobscot Valley Hospital,Current Ratio without Board Designated & Undesignated Investments rate,1.455,1.931,2.146,1.534,1.212
Penobscot Valley Hospital,Days in Accounts Receivable days,43.2,31.5,40.0,31.2,48.3
Penobscot Valley Hospital,"Days Cash on Hand, Current days",85.4,63.6,36.2,14.4,10.9
Penobscot Valley Hospital,"Days Cashon Hand, InclBoard Designated &Undesignated Investments days",89.1,65.3,39.2,17.3,10.9
Penobscot Valley Hospital,"Average Pay Period, Current Liabilities days",96.8,63.0,43.6,34.2,56.4
Penobscot Valley Hospital,Equity Financing Ratio (,26.98,28.72,31.01,16.19,8.16
Penobscot Valley Hospital,Fixed Asset Financing,1.79,119.91,118.33,110.7,107.01
Penobscot Valley Hospital,Cash Flow Divided by Total Debt,14.82,30.98,4.93,20.77,1.79
Penobscot Valley Hospital,Debt Service Coverage rate,63.774,7.735,2.947,4.426,0.149
Penobscot Valley Hospital,Total Asset Turnover rate,1.84,2.249,2.502,3.158,3.036
Penobscot Valley Hospital,Fixed Asset Turnover rate,5.624,7.507,7.545,6.68,7.279
Penobscot Valley Hospital,Average Age of Plant Depreciation Only years,37.8,35.7,31.1,25.4,24.1
Redington-Fairview General Hospital,Total Margin,5.16,4.9,4.21,1.78,4.22
Redington-Fairview General Hospital,Operating Margin,2.26,3.48,1.81,0.07,2.23
Redington-Fairview General Hospital,Non Operating Revenue,57.47,30.1,58.16,96.3,48.24
Redington-Fairview General Hospital,Return on Equity,6.88,4.77,5.99,2.53,5.37
Redington-Fairview General Hospital,Current Ratio without Board Designated & Undesignated Investments rate,4.181,3.998,3.172,4.204,4.207
Redington-Fairview General Hospital,Days in Accounts Receivable days,34.5,33.9,27.6,28.3,23.5
Redington-Fairview General Hospital,"Days Cash on Hand, Current days",273.4,290.4,169.3,134.9,172.3
Redington-Fairview General Hospital,"Days Cashon Hand, InclBoard Designated &Undesignated Investments days",368.4,400.6,253.3,215.7,262.1
Redington-Fairview General Hospital,"Average Pay Period, Current Liabilities days",75.9,83.4,65.1,42.9,49.0
Redington-Fairview General Hospital,Equity Financing Ratio,58.78,69.31,70.23,76.08,77.75
Redington-Fairview General Hospital,Fixed Asset Financing,80.23,72.83,66.11,67.3,70.57
Redington-Fairview General Hospital,Cash Flow Divided by Total Debt,16.45,18.65,25.38,26.91,37.53
Redington-Fairview General Hospital,Debt Service Coverage rate,4.443,4.606,3.879,3.515,5.193
Redington-Fairview General Hospital,Total Asset Turnover rate,0.784,0.675,1.0,1.082,0.989
Redington-Fairview General Hospital,Fixed Asset Turnover rate,4.021,4.235,4.855,5.989,6.782
Redington-Fairview General Hospital,Average Age of Plant Depreciation Only years,18.3,14.9,14.7,10.2,10.7
Rumford Hospital,Total Margin,8.21,8.52,10.01,12.73,9.76
Rumford Hospital,Operating Margin,6.33,6.32,9.9,12.48,10.52
Rumford Hospital,Non Operating Revenue,24.5,27.56,1.27,2.21,8.64
Rumford Hospital,Return on Equity,19.81,30.42,52.45,62.68,40.87
Rumford Hospital,Current Ratio without Board Designated & Undesignated Investments rate,1.567,1.129,0.768,0.94,1.271
Rumford Hospital,Days in Accounts Receivable days,37.2,44.2,39.6,34.0,44.7
Rumford Hospital,"Days Cash on Hand, Current days",132.5,34.6,0.2,0.2,0.2
Rumford Hospital,"Days Cashon Hand, InclBoard Designated &Undesignated Investments days",163.5,72.8,33.3,35.5,38.4
Rumford Hospital,"Average Pay Period, Current Liabilities days",113.2,80.5,67.5,73.0,50.1
Rumford Hospital,Equity Financing Ratio,53.45,50.33,52.17,52.37,60.65
Rumford Hospital,Fixed Asset Financing,6.97,7.69,7.73,7.16,6.5
Rumford Hospital,Cash Flow Divided by Total Debt,33.44,44.56,73.68,82.39,76.54
Rumford Hospital,Debt Service Coverage rate,35.193,51.918,107.965,183.859,38.724
Rumford Hospital,Total Asset Turnover rate,1.289,1.796,2.733,2.579,2.538
Rumford Hospital,Fixed Asset Turnover rate,4.046,4.7,6.253,6.937,7.034
Rumford Hospital,Average Age of Plant Depreciation Only years,15.7,16.3,19.5,22.3,28.7
Southern Maine Health Care,Total Margin (,6.76,8.5,4.27,3.18,3.13
Southern Maine Health Care,Operating Margin (,7.07,7.49,4.53,3.28,3.04
Southern Maine Health Care,Non Operating Revenue (,4.27,12.85,5.81,2.93,3.02
Southern Maine Health Care,Return on Equity (,27.35,32.41,15.82,11.23,10.67
Southern Maine Health Care,Current Ratio without Board Designated & Undesignated Investments rate,0.977,1.357,1.424,1.598,1.787
Southern Maine Health Care,Days in Accounts Receivable days,33.7,38.4,37.0,42.5,57.8
Southern Maine Health Care,"Days Cash on Hand, Current days",12.2,12.0,10.0,9.6,0.1
Southern Maine Health Care,"Days Cashon Hand, InclBoard Designated &Undesignated Investments days",12.2,12.0,10.0,9.6,0.1
Southern Maine Health Care,"Average Pay Period, Current Liabilities days",57.7,56.3,50.9,49.3,47.5
Southern Maine Health Care,Equity Financing Ratio,42.07,50.51,53.49,62.55,66.06
Southern Maine Health Care,Fixed Asset Financing,40.37,34.84,29.98,16.26,13.55
Southern Maine Health Care,Cash Flow Divided by Total Debt (,4.22,50.59,0.12,5.54,38.91
Southern Maine Health Care,Debt Service Coverage rate (,0.355,7.0,0.262,0.901,13.483
Southern Maine Health Care,Total Asset Turnover rate,1.702,1.926,1.981,2.209,2.254
Southern Maine Health Care,Fixed Asset Turnover rate,3.433,4.176,4.436,4.543,4.838
Southern Maine Health Care,Average Age of Plant Depreciation Only years,13.4,13.1,13.8,14.1,19.8
St. Joseph Hospital,Total Margin,0.02,0.68,7.2,0.79,1.61
St. Joseph Hospital,Operating Margin (,0.33,0.25,5.39,0.87,1.62
St. Joseph Hospital,Non Operating Revenue,1841.38,136.67,23.81,10.71,0.5
St. Joseph Hospital,Return on Equity,0.11,3.77,65.39,6.84,9.98
St. Joseph Hospital,Current Ratio without Board Designated & Undesignated Investments rate,1.957,1.379,1.211,1.196,1.456
St. Joseph Hospital,Days in Accounts Receivable days,40.0,35.9,38.4,41.9,39.8
St. Joseph Hospital,"Days Cash on Hand, Current days",19.0,3.9,4.4,2.0,8.1
St. Joseph Hospital,"Days Cashon Hand, InclBoard Designated &Undesignated Investments days",43.3,27.6,8.6,6.8,12.8
St. Joseph Hospital,"Average Pay Period, Current Liabilities days",49.8,44.4,50.6,56.9,50.4
St. Joseph Hospital,Equity Financing Ratio,36.33,45.47,31.08,33.05,43.21
St. Joseph Hospital,Fixed Asset Financing,60.02,5.27,3.8,0.09,3.51
St. Joseph Hospital,Cash Flow Divided by Total Debt,6.51,8.81,23.87,8.93,13.5
St. Joseph Hospital,Debt Service Coverage rate,1.572,1.521,8.996,3.085,4.397
St. Joseph Hospital,Total Asset Turnover rate,2.009,2.514,2.824,2.877,2.678
St. Joseph Hospital,Fixed Asset Turnover rate,5.931,5.932,6.27,6.67,6.155
St. Joseph Hospital,Average Age of Plant Depreciation Only years,21.9,30.3,27.4,23.0,22.1
St. Mary’s Regional Medical Center,Total Margin (,6.01,2.71,22.86,14.09,2.12
St. Mary’s Regional Medical Center,Operating Margin (,6.06,3.63,22.59,13.88,2.25
St. Mary’s Regional Medical Center,Non Operating Revenue (,0.82,32.51,0.95,1.3,5.96
St. Mary’s Regional Medical Center,Return on Equity (,23.37,13.73,2151.44,98.08,12.53
St. Mary’s Regional Medical Center,Current Ratio without Board Designated & Undesignated Investments rate,2.174,1.275,0.65,0.523,0.5
St. Mary’s Regional Medical Center,Days in Accounts Receivable days,47.4,44.6,42.9,45.8,40.9
St. Mary’s Regional Medical Center,"Days Cash on Hand, Current days",19.3,5.4,7.5,3.8,23.5
St. Mary’s Regional Medical Center,"Days Cashon Hand, InclBoard Designated &Undesignated Investments days",26.1,13.2,7.5,4.6,25.0
St. Mary’s Regional Medical Center,"Average Pay Period, Current Liabilities days",45.9,70.1,127.2,187.5,216.0
St. Mary’s Regional Medical Center,Equity Financing Ratio,42.08,36.34,1.83,24.77,29.31
St. Mary’s Regional Medical Center,Fixed Asset Financing,55.07,4.17,3.22,0.27,1.64
St. Mary’s Regional Medical Center,Cash Flow Divided by Total Debt (,9.79,3.15,35.16,16.69,0.11
St. Mary’s Regional Medical Center,Debt Service Coverage rate (,1.334,0.283,15.83,10.956,0.418
St. Mary’s Regional Medical Center,Total Asset Turnover rate,1.636,1.839,1.721,1.725,1.733
St. Mary’s Regional Medical Center,Fixed Asset Turnover rate,3.367,3.748,3.384,3.733,3.733
St. Mary’s Regional Medical Center,Average Age of Plant Depreciation Only years,20.2,17.6,16.8,17.0,18.1
Stephens Memorial Hospital,Total Margin,6.26,13.05,13.67,12.45,10.05
Stephens Memorial Hospital,Operating Margin,6.45,13.2,13.52,12.55,10.04
Stephens Memorial Hospital,Non Operating Revenue (,3.23,1.31,1.24,0.98,0.19
Stephens Memorial Hospital,Return on Equity,23.77,50.38,46.57,51.87,35.55
Stephens Memorial Hospital,Current Ratio without Board Designated & Undesignated Investments rate,0.522,0.641,0.974,0.949,1.234
Stephens Memorial Hospital,Days in Accounts Receivable days,25.4,29.8,33.3,35.2,38.4
Stephens Memorial Hospital,"Days Cash on Hand, Current days",0.2,0.0,0.0,0.2,0.0
Stephens Memorial Hospital,"Days Cashon Hand, InclBoard Designated &Undesignated Investments days",3.4,3.0,2.0,1.4,3.0
Stephens Memorial Hospital,"Average Pay Period, Current Liabilities days",86.6,79.2,61.6,57.1,46.2
Stephens Memorial Hospital,Equity Financing Ratio,48.31,52.97,66.34,64.46,71.47
Stephens Memorial Hospital,Fixed Asset Financing,12.56,10.81,0.0,0.0,0.0
Stephens Memorial Hospital,Cash Flow Divided by Total Debt,38.25,76.11,118.2,121.72,112.71
Stephens Memorial Hospital,Debt Service Coverage rate,18.026,30.139,34.997,147.983,218.973
Stephens Memorial Hospital,Total Asset Turnover rate,1.834,2.045,2.26,2.686,2.527
Stephens Memorial Hospital,Fixed Asset Turnover rate,2.732,3.106,3.693,4.089,3.962
Stephens Memorial Hospital,Average Age of Plant Depreciation Only years,11.3,10.1,10.6,11.3,15.5
Waldo County General Hospital,Total Margin,6.04,12.28,7.22,11.06,8.8
Waldo County General Hospital,Operating Margin,4.03,11.54,5.59,10.35,7.65
Waldo County General Hospital,Non Operating Revenue,34.65,6.78,24.0,7.18,14.19
Waldo County General Hospital,Return on Equity,8.95,22.83,17.59,36.89,24.46
Waldo County General Hospital,Current Ratio without Board Designated & Undesignated Investments rate,1.928,1.216,1.7,0.932,1.275
Waldo County General Hospital,Days in Accounts Receivable days,28.8,34.9,35.8,44.1,39.2
Waldo County General Hospital,"Days Cash on Hand, Current days",3.5,1.6,2.7,2.5,1.1
Waldo County General Hospital,"Days Cashon Hand, InclBoard Designated &Undesignated Investments days",101.2,96.8,35.3,35.0,34.5
Waldo County General Hospital,"Average Pay Period, Current Liabilities days",35.8,36.0,36.9,56.8,50.3
Waldo County General Hospital,Equity Financing Ratio,82.47,81.24,77.52,67.48,73.5
Waldo County General Hospital,Fixed Asset Financing,8.2,7.65,6.5,5.1,3.28
Waldo County General Hospital,Cash Flow Divided by Total Debt,79.14,136.75,94.5,102.49,89.33
Waldo County General Hospital,Debt Service Coverage rate,26.636,32.964,24.201,33.344,28.541
Waldo County General Hospital,Total Asset Turnover rate,1.223,1.511,1.887,2.25,2.043
Waldo County General Hospital,Fixed Asset Turnover rate,2.785,3.349,3.798,4.228,4.062
Waldo County General Hospital,Average Age of Plant Depreciation Only years,10.5,11.7,13.3,14.0,19.6
York Hospital,Total Margin (,7.85,3.08,3.9,5.07,9.41
York Hospital,Operating Margin (,8.33,3.09,1.47,5.92,9.39
York Hospital,Non Operating Revenue (,5.6,0.4,61.41,15.89,0.13
York Hospital,Return on Equity (,30.69,12.59,15.24,25.08,72.41
York Hospital,Current Ratio without Board Designated & Undesignated Investments rate,1.709,1.156,1.123,0.857,0.768
York Hospital,Days in Accounts Receivable days,44.4,37.9,42.2,42.5,48.0
York Hospital,"Days Cash on Hand, Current days",41.5,29.9,5.8,1.6,2.4
York Hospital,"Days Cashon Hand, InclBoard Designated &Undesignated Investments days",89.1,78.4,54.5,43.1,21.2
York Hospital,"Average Pay Period, Current Liabilities days",57.3,74.6,56.0,62.4,89.9
York Hospital,Equity Financing Ratio,33.91,43.12,48.02,42.73,26.44
York Hospital,Fixed Asset Financing,30.64,25.46,27.94,23.84,26.86
York Hospital,Cash Flow Divided by Total Debt (,10.73,16.11,6.38,10.97,19.29
York Hospital,Debt Service Coverage rate (,4.565,6.261,0.848,1.95,4.423
York Hospital,Total Asset Turnover rate,1.325,1.764,1.877,2.114,2.035
York Hospital,Fixed Asset Turnover rate,3.785,4.848,4.764,4.897,4.536
York Hospital,Average Age of Plant Depreciation Only years,20.8,21.9,22.6,20.1,19.1
