Hospital,Ratio,FY 2015,FY 2016,FY 2017,FY 2018,FY 2019
Acadia Hospital Corporation,Current Ratio with Board Designated and Undesignated Investments,2.569,3.095,1.901,2.022,3.534
Acadia Hospital Corporation,Current Ratio without Board Designated and Undesignated Investments,1.809,2.113,1.887,2.012,3.52
Acadia Hospital Corporation,Days in Accounts Receivable,23.847,20.152,18.078,24.619,22.849
Acadia Hospital Corporation,Acid Test,1.391,1.817,0.883,1.467,2.809
Acadia Hospital Corporation,"Days Cash on Hand, Current",164.178,151.669,59.091,109.502,148.288
Acadia Hospital Corporation,"Days Cash on Hand, Incl Board Designated & Undesignated Investments",253.945,233.625,60.044,110.194,149.041
Acadia Hospital Corporation,"Average Payment Period, Accounts Payable and Accrued Expenses",30.05,33.365,32.194,25.894,25.245
Acadia Hospital Corporation,"Average Payment Period, Current Liabilities",118.065,83.451,66.931,74.621,52.798
Acadia Hospital Corporation,Equity Financing Ratio,0.309,0.371,0.198,0.278,0.444
Acadia Hospital Corporation,Fixed Asset Financing,0.535,0.412,0.304,0.167,0.012
Acadia Hospital Corporation,Cash Flow Divided by Total Debt,0.11,0.169,0.632,0.194,0.544
Acadia Hospital Corporation,Cash Flow Divided by Total Debt with Operating Income Only,0.097,0.153,0.636,0.193,0.546
Acadia Hospital Corporation,Debt Service Coverage,2.957,4.052,9.856,3.022,7.342
Acadia Hospital Corporation,Debt Service Coverage with Operating Income Only,2.613,3.69,9.927,3.015,7.365
Acadia Hospital Corporation,Total Margin,0.056,0.071,0.197,0.059,0.155
Acadia Hospital Corporation,Operating Margin,0.047,0.063,0.198,0.059,0.156
Acadia Hospital Corporation,Non Operating Revenue Margin,0.17,0.121,-0.008,0.003,-0.003
Acadia Hospital Corporation,Return on Assets,0.056,0.082,0.473,0.11,0.277
Acadia Hospital Corporation,Return on Equity,0.182,0.222,2.397,0.397,0.624
Acadia Hospital Corporation,Markup,1.915,1.988,2.058,2.116,2.177
Acadia Hospital Corporation,Deductible,0.3,0.28,0.3,0.323,0.306
Acadia Hospital Corporation,Markup Adjustment for Deductible,1.358,1.448,1.46,1.445,1.521
Acadia Hospital Corporation,Reported Income Index,5.759,1.739,-1.064,1.143,1.363
Acadia Hospital Corporation,Total Asset Turnover,1.007,1.15,2.404,1.864,1.788
Acadia Hospital Corporation,Fixed Asset Turnover,4.888,5.428,7.186,6.552,7.508
Acadia Hospital Corporation,Average Age of Plant Depreciation Only,23.054,21.234,24.301,26.215,28.108
Acadia Hospital Corporation,Total Operating Expense Growth,0.01,0.072,0.043,-0.01,-0.007
Acadia Hospital Corporation,Total Operating Revenue Growth,0.036,0.091,0.219,-0.157,0.107
Acadia Hospital Corporation,Realized Gains Divided by NonOperating Revenue,-0.006,0.02,1.481,,
Acadia Hospital Corporation,Realized Gains Divided by NetIncome,-0.001,0.002,-0.012,,
Acadia Hospital Corporation,Long Term Debt to Equity,0.354,0.234,0.515,0.171,0.007
"Aroostook Medical Center, The (TAMC)",Current Ratio with Board Designated and Undesignated Investments,0.853,0.759,1.375,1.73,1.664
"Aroostook Medical Center, The (TAMC)",Current Ratio without Board Designated and Undesignated Investments,0.848,0.759,0.998,1.333,1.351
"Aroostook Medical Center, The (TAMC)",Days in Accounts Receivable,57.889,44.806,40.03,36.177,47.261
"Aroostook Medical Center, The (TAMC)",Acid Test,0.084,0.046,-0.879,-0.251,-0.134
"Aroostook Medical Center, The (TAMC)","Days Cash on Hand, Current",9.883,3.951,-38.598,-10.871,-6.83
"Aroostook Medical Center, The (TAMC)","Days Cash on Hand, Incl Board Designated & Undesignated Investments",10.429,3.973,-22.059,6.303,9.153
"Aroostook Medical Center, The (TAMC)","Average Payment Period, Accounts Payable and Accrued Expenses",49.978,36.695,33.323,32.231,28.121
"Aroostook Medical Center, The (TAMC)","Average Payment Period, Current Liabilities",117.303,86.272,43.894,43.268,51.104
"Aroostook Medical Center, The (TAMC)",Equity Financing Ratio,0.348,0.202,0.266,0.305,0.288
"Aroostook Medical Center, The (TAMC)",Fixed Asset Financing,0.14,0.542,0.586,0.616,0.649
"Aroostook Medical Center, The (TAMC)",Cash Flow Divided by Total Debt,0.084,-0.114,0.122,0.176,0.067
"Aroostook Medical Center, The (TAMC)",Cash Flow Divided by Total Debt with Operating Income Only,0.082,-0.11,0.123,0.175,0.068
"Aroostook Medical Center, The (TAMC)",Debt Service Coverage,2.926,-3.249,6.762,9.339,4.304
"Aroostook Medical Center, The (TAMC)",Debt Service Coverage with Operating Income Only,2.85,-3.141,6.819,9.265,4.357
"Aroostook Medical Center, The (TAMC)",Total Margin,0.002,-0.106,0.009,0.026,-0.004
"Aroostook Medical Center, The (TAMC)",Operating Margin,0.001,-0.104,0.009,0.026,-0.004
"Aroostook Medical Center, The (TAMC)",Non Operating Revenue Margin,0.419,0.016,-0.042,0.018,0.083
"Aroostook Medical Center, The (TAMC)",Return on Assets,0.004,-0.174,0.021,0.06,-0.009
"Aroostook Medical Center, The (TAMC)",Return on Equity,0.01,-0.86,0.079,0.196,-0.031
"Aroostook Medical Center, The (TAMC)",Markup,2.164,2.206,2.357,2.4,2.54
"Aroostook Medical Center, The (TAMC)",Deductible,0.51,0.557,0.548,0.552,0.601
"Aroostook Medical Center, The (TAMC)",Markup Adjustment for Deductible,1.081,0.99,1.097,1.12,1.061
"Aroostook Medical Center, The (TAMC)",Reported Income Index,-0.394,0.883,1.085,1.04,2.194
"Aroostook Medical Center, The (TAMC)",Total Asset Turnover,1.458,1.633,2.334,2.297,2.187
"Aroostook Medical Center, The (TAMC)",Fixed Asset Turnover,3.17,3.016,3.825,4.277,4.515
"Aroostook Medical Center, The (TAMC)",Average Age of Plant Depreciation Only,14.33,10.782,14.794,15.935,17.676
"Aroostook Medical Center, The (TAMC)",Total Operating Expense Growth,0.063,0.084,0.048,0.04,0.025
"Aroostook Medical Center, The (TAMC)",Total Operating Revenue Growth,0.098,-0.02,0.168,0.058,-0.005
"Aroostook Medical Center, The (TAMC)",Long Term Debt to Equity,0.184,1.458,1.345,1.085,1.092
Blue Hill Memorial Hospital,Current Ratio with Board Designated and Undesignated Investments,3.068,3.889,1.107,1.932,2.214
Blue Hill Memorial Hospital,Current Ratio without Board Designated and Undesignated Investments,1.184,1.274,1.078,1.904,2.181
Blue Hill Memorial Hospital,Days in Accounts Receivable,47.759,54.614,40.359,39.243,43.994
Blue Hill Memorial Hospital,Acid Test,0.555,0.354,-0.039,0.651,1.067
Blue Hill Memorial Hospital,"Days Cash on Hand, Current",54.99,26.175,-2.005,36.023,68.095
Blue Hill Memorial Hospital,"Days Cash on Hand, Incl Board Designated & Undesignated Investments",241.469,219.412,-0.526,37.545,70.159
Blue Hill Memorial Hospital,"Average Payment Period, Accounts Payable and Accrued Expenses",39.092,37.774,31.046,29.25,30.997
Blue Hill Memorial Hospital,"Average Payment Period, Current Liabilities",99.025,73.892,50.956,55.36,63.817
Blue Hill Memorial Hospital,Equity Financing Ratio,0.633,0.674,0.305,0.46,0.456
Blue Hill Memorial Hospital,Fixed Asset Financing,0.209,0.26,0.243,0.261,0.274
Blue Hill Memorial Hospital,Cash Flow Divided by Total Debt,0.307,0.183,0.316,0.533,0.216
Blue Hill Memorial Hospital,Cash Flow Divided by Total Debt with Operating Income Only,0.269,0.193,0.176,0.531,0.215
Blue Hill Memorial Hospital,Debt Service Coverage,22.964,13.28,43.823,70.094,24.27
Blue Hill Memorial Hospital,Debt Service Coverage with Operating Income Only,20.184,13.978,24.848,69.836,24.18
Blue Hill Memorial Hospital,Total Margin,0.077,0.024,0.056,0.109,0.045
Blue Hill Memorial Hospital,Operating Margin,0.065,0.027,0.023,0.109,0.045
Blue Hill Memorial Hospital,Non Operating Revenue Margin,0.174,-0.126,0.595,0.004,0.005
Blue Hill Memorial Hospital,Return on Assets,0.08,0.026,0.163,0.248,0.083
Blue Hill Memorial Hospital,Return on Equity,0.126,0.038,0.534,0.539,0.182
Blue Hill Memorial Hospital,Markup,1.618,1.597,1.663,1.632,1.641
Blue Hill Memorial Hospital,Deductible,0.351,0.323,0.35,0.23,0.342
Blue Hill Memorial Hospital,Markup Adjustment for Deductible,1.076,1.101,1.103,1.276,1.106
Blue Hill Memorial Hospital,Reported Income Index,3.611,2.209,-0.114,1.062,1.922
Blue Hill Memorial Hospital,Total Asset Turnover,1.033,1.058,2.922,2.273,1.831
Blue Hill Memorial Hospital,Fixed Asset Turnover,4.945,5.265,5.091,5.69,5.45
Blue Hill Memorial Hospital,Average Age of Plant Depreciation Only,16.568,17.711,27.454,29.209,30.895
Blue Hill Memorial Hospital,Total Operating Expense Growth,0.054,0.035,0.035,-0.008,-0.039
Blue Hill Memorial Hospital,Total Operating Revenue Growth,0.067,-0.005,0.031,0.087,-0.103
Blue Hill Memorial Hospital,Realized Gains Divided by NonOperating Revenue,0.043,3.304,0.902,,
Blue Hill Memorial Hospital,Realized Gains Divided by NetIncome,0.008,-0.415,0.537,,
Blue Hill Memorial Hospital,Long Term Debt to Equity,0.068,0.078,0.442,0.227,0.202
Bridgton Hospital,Current Ratio with Board Designated and Undesignated Investments,7.638,8.656,11.9,6.354,5.283
Bridgton Hospital,Current Ratio without Board Designated and Undesignated Investments,6.663,7.464,10.067,5.326,4.399
Bridgton Hospital,Days in Accounts Receivable,55.268,48.654,43.07,41.442,41.551
Bridgton Hospital,Acid Test,4.865,5.478,7.759,4.203,3.325
Bridgton Hospital,"Days Cash on Hand, Current",190.029,163.323,169.701,187.749,177.285
Bridgton Hospital,"Days Cash on Hand, Incl Board Designated & Undesignated Investments",228.114,198.862,209.8,233.675,224.421
Bridgton Hospital,"Average Payment Period, Accounts Payable and Accrued Expenses",25.194,20.844,18.612,24.222,36.982
Bridgton Hospital,"Average Payment Period, Current Liabilities",39.057,29.814,21.871,44.666,53.327
Bridgton Hospital,Equity Financing Ratio,0.751,0.767,0.8,0.759,0.744
Bridgton Hospital,Fixed Asset Financing,0.517,0.443,0.43,0.42,0.4
Bridgton Hospital,Cash Flow Divided by Total Debt,0.275,0.101,0.232,0.097,0.051
Bridgton Hospital,Cash Flow Divided by Total Debt with Operating Income Only,0.265,0.111,0.218,0.057,0.027
Bridgton Hospital,Debt Service Coverage,4.126,1.732,2.841,2.955,1.627
Bridgton Hospital,Debt Service Coverage with Operating Income Only,3.99,1.868,2.692,1.962,1.095
Bridgton Hospital,Total Margin,0.043,-0.005,0.014,-0.02,-0.033
Bridgton Hospital,Operating Margin,0.04,-0.003,0.011,-0.031,-0.041
Bridgton Hospital,Non Operating Revenue Margin,0.065,0.494,0.208,-0.572,-0.21
Bridgton Hospital,Return on Assets,0.039,-0.005,0.014,-0.017,-0.029
Bridgton Hospital,Return on Equity,0.052,-0.007,0.017,-0.022,-0.039
Bridgton Hospital,Markup,1.983,1.956,2.065,1.981,1.835
Bridgton Hospital,Deductible,0.436,0.439,0.456,0.454,0.419
Bridgton Hospital,Markup Adjustment for Deductible,1.139,1.124,1.145,1.105,1.086
Bridgton Hospital,Reported Income Index,1.009,-1.788,0.781,1.05,35.799
Bridgton Hospital,Total Asset Turnover,0.911,0.933,0.95,0.863,0.878
Bridgton Hospital,Fixed Asset Turnover,3.205,2.837,3.016,2.829,2.971
Bridgton Hospital,Average Age of Plant Depreciation Only,14.159,15.397,14.323,12.246,12.104
Bridgton Hospital,Total Operating Expense Growth,0.04,0.059,-0.022,-0.031,0.05
Bridgton Hospital,Total Operating Revenue Growth,0.005,0.013,-0.008,-0.071,0.041
Bridgton Hospital,Realized Gains Divided by NonOperating Revenue,-0.164,0.593,0.289,0.531,0.29
Bridgton Hospital,Realized Gains Divided by NetIncome,-0.011,0.293,0.06,-0.304,-0.061
Bridgton Hospital,Long Term Debt to Equity,0.195,0.191,0.169,0.167,0.158
Calais Regional Hospital,Current Ratio with Board Designated and Undesignated Investments,0.924,0.793,0.593,0.558,1.038
Calais Regional Hospital,Current Ratio without Board Designated and Undesignated Investments,0.854,0.765,0.567,0.531,0.986
Calais Regional Hospital,Days in Accounts Receivable,52.642,56.497,40.363,40.034,29.417
Calais Regional Hospital,Acid Test,0.095,0.055,0.101,0.036,0.255
Calais Regional Hospital,"Days Cash on Hand, Current",8.676,5.123,10.611,4.389,17.873
Calais Regional Hospital,"Days Cash on Hand, Incl Board Designated & Undesignated Investments",15.052,7.743,13.315,7.751,21.545
Calais Regional Hospital,"Average Payment Period, Accounts Payable and Accrued Expenses",51.073,60.189,78.858,65.165,56.642
Calais Regional Hospital,"Average Payment Period, Current Liabilities",91.272,93.539,105.032,123.227,69.991
Calais Regional Hospital,Equity Financing Ratio,-0.1,-0.159,-0.285,-0.332,-0.411
Calais Regional Hospital,Fixed Asset Financing,1.01,1.12,1.191,1.225,
Calais Regional Hospital,Cash Flow Divided by Total Debt,0.0,0.015,-0.035,0.018,0.004
Calais Regional Hospital,Cash Flow Divided by Total Debt with Operating Income Only,-0.004,0.013,-0.037,0.014,0.002
Calais Regional Hospital,Debt Service Coverage,0.583,0.769,0.02,0.749,0.592
Calais Regional Hospital,Debt Service Coverage with Operating Income Only,0.511,0.738,-0.019,0.704,0.549
Calais Regional Hospital,Total Margin,-0.049,-0.033,-0.064,-0.02,-0.031
Calais Regional Hospital,Operating Margin,-0.052,-0.035,-0.066,-0.023,-0.032
Calais Regional Hospital,Non Operating Revenue Margin,-0.069,-0.044,-0.027,-0.141,-0.058
Calais Regional Hospital,Return on Assets,-0.07,-0.053,-0.108,-0.031,-0.048
Calais Regional Hospital,Return on Equity,0.705,0.336,0.378,0.094,0.117
Calais Regional Hospital,Markup,1.902,1.975,1.831,1.83,1.743
Calais Regional Hospital,Deductible,0.458,0.472,0.449,0.424,0.413
Calais Regional Hospital,Markup Adjustment for Deductible,1.048,1.056,1.023,1.078,1.046
Calais Regional Hospital,Reported Income Index,1.081,1.002,1.013,1.038,0.735
Calais Regional Hospital,Total Asset Turnover,1.443,1.603,1.688,1.564,1.57
Calais Regional Hospital,Fixed Asset Turnover,2.267,2.577,2.638,2.436,2.535
Calais Regional Hospital,Average Age of Plant Depreciation Only,8.993,10.258,13.89,17.942,20.195
Calais Regional Hospital,Total Operating Expense Growth,0.119,0.032,-0.035,-0.161,-0.025
Calais Regional Hospital,Total Operating Revenue Growth,0.159,0.05,-0.063,-0.126,-0.034
Calais Regional Hospital,Long Term Debt to Equity,-6.421,-4.367,-2.665,-2.361,
Cary Medical Center,Current Ratio with Board Designated and Undesignated Investments,2.751,3.081,2.926,2.616,2.356
Cary Medical Center,Current Ratio without Board Designated and Undesignated Investments,2.086,2.337,2.247,2.086,1.929
Cary Medical Center,Days in Accounts Receivable,51.605,55.764,53.381,59.507,63.428
Cary Medical Center,Acid Test,0.518,0.449,0.45,0.522,0.384
Cary Medical Center,"Days Cash on Hand, Current",23.651,16.789,19.284,27.039,24.231
Cary Medical Center,"Days Cash on Hand, Incl Board Designated & Undesignated Investments",53.973,44.636,48.409,54.486,51.221
Cary Medical Center,"Average Payment Period, Accounts Payable and Accrued Expenses",23.382,25.581,27.746,32.786,41.036
Cary Medical Center,"Average Payment Period, Current Liabilities",45.644,37.385,42.836,51.806,63.102
Cary Medical Center,Equity Financing Ratio,0.695,0.741,0.736,0.715,0.678
Cary Medical Center,Fixed Asset Financing,0.224,0.138,0.095,0.031,
Cary Medical Center,Cash Flow Divided by Total Debt,0.4,0.204,0.195,0.332,0.249
Cary Medical Center,Cash Flow Divided by Total Debt with Operating Income Only,0.392,0.196,0.187,0.326,0.243
Cary Medical Center,Debt Service Coverage,3.163,1.795,1.823,4.168,4.019
Cary Medical Center,Debt Service Coverage with Operating Income Only,3.098,1.73,1.756,4.089,3.921
Cary Medical Center,Total Margin,0.033,-0.009,-0.013,0.015,0.013
Cary Medical Center,Operating Margin,0.032,-0.01,-0.014,0.014,0.012
Cary Medical Center,Non Operating Revenue Margin,0.042,-0.114,-0.082,0.061,0.077
Cary Medical Center,Return on Assets,0.062,-0.018,-0.024,0.03,0.026
Cary Medical Center,Return on Equity,0.089,-0.024,-0.033,0.042,0.038
Cary Medical Center,Markup,2.312,2.192,2.242,2.279,2.328
Cary Medical Center,Deductible,0.529,0.518,0.527,0.519,0.551
Cary Medical Center,Markup Adjustment for Deductible,1.125,1.095,1.106,1.137,1.085
Cary Medical Center,Reported Income Index,1.03,-147.288,0.988,1.003,0.879
Cary Medical Center,Total Asset Turnover,1.874,1.959,1.946,1.986,1.907
Cary Medical Center,Fixed Asset Turnover,5.47,4.913,5.566,6.666,7.455
Cary Medical Center,Average Age of Plant Depreciation Only,15.164,14.287,14.698,16.653,18.391
Cary Medical Center,Total Operating Expense Growth,0.037,0.024,-0.03,0.066,0.06
Cary Medical Center,Total Operating Revenue Growth,0.032,-0.019,-0.033,0.096,0.058
Cary Medical Center,Realized Gains Divided by NonOperating Revenue,-0.397,-0.623,-0.271,-0.292,-0.185
Cary Medical Center,Realized Gains Divided by NetIncome,-0.017,0.071,0.022,-0.018,-0.014
Cary Medical Center,Long Term Debt to Equity,0.11,0.074,0.045,0.013,
Central Maine Medical Center,Current Ratio with Board Designated and Undesignated Investments,1.116,0.858,0.751,0.809,0.771
Central Maine Medical Center,Current Ratio without Board Designated and Undesignated Investments,1.116,0.858,0.751,0.809,0.771
Central Maine Medical Center,Days in Accounts Receivable,56.944,51.245,43.993,44.188,47.055
Central Maine Medical Center,Acid Test,0.341,0.185,0.127,0.225,0.385
Central Maine Medical Center,"Days Cash on Hand, Current",31.612,18.107,11.445,24.014,61.393
Central Maine Medical Center,"Days Cash on Hand, Incl Board Designated & Undesignated Investments",31.612,18.107,11.445,24.014,61.393
Central Maine Medical Center,"Average Payment Period, Accounts Payable and Accrued Expenses",34.111,26.95,26.721,43.63,53.843
Central Maine Medical Center,"Average Payment Period, Current Liabilities",92.657,97.897,89.841,106.82,159.596
Central Maine Medical Center,Equity Financing Ratio,0.232,0.204,0.187,0.14,0.056
Central Maine Medical Center,Fixed Asset Financing,0.836,0.735,0.759,0.811,0.808
Central Maine Medical Center,Cash Flow Divided by Total Debt,0.148,0.052,0.04,0.041,0.005
Central Maine Medical Center,Cash Flow Divided by Total Debt with Operating Income Only,0.143,0.05,0.03,0.039,0.005
Central Maine Medical Center,Debt Service Coverage,3.022,1.409,0.987,1.507,0.696
Central Maine Medical Center,Debt Service Coverage with Operating Income Only,2.94,1.374,0.833,1.451,0.68
Central Maine Medical Center,Total Margin,0.032,-0.017,-0.027,-0.03,-0.048
Central Maine Medical Center,Operating Margin,0.029,-0.018,-0.033,-0.032,-0.048
Central Maine Medical Center,Non Operating Revenue Margin,0.083,-0.061,-0.195,-0.046,-0.008
Central Maine Medical Center,Return on Assets,0.044,-0.024,-0.042,-0.044,-0.064
Central Maine Medical Center,Return on Equity,0.188,-0.119,-0.226,-0.316,-1.129
Central Maine Medical Center,Markup,2.255,2.227,2.34,2.369,2.285
Central Maine Medical Center,Deductible,0.532,0.532,0.553,0.559,0.56
Central Maine Medical Center,Markup Adjustment for Deductible,1.111,1.091,1.082,1.08,1.05
Central Maine Medical Center,Reported Income Index,1.491,1.048,1.03,1.14,1.034
Central Maine Medical Center,Total Asset Turnover,1.367,1.394,1.554,1.475,1.33
Central Maine Medical Center,Fixed Asset Turnover,2.675,2.556,2.815,2.823,3.038
Central Maine Medical Center,Average Age of Plant Depreciation Only,12.428,13.963,14.484,13.86,14.234
Central Maine Medical Center,Total Operating Expense Growth,0.093,0.093,0.008,-0.01,0.092
Central Maine Medical Center,Total Operating Revenue Growth,0.107,0.042,-0.006,-0.009,0.075
Central Maine Medical Center,Realized Gains Divided by NonOperating Revenue,-0.102,-0.169,-0.018,0.146,-0.16
Central Maine Medical Center,Realized Gains Divided by NetIncome,-0.008,0.01,0.004,-0.007,0.001
Central Maine Medical Center,Long Term Debt to Equity,1.84,1.967,2.234,3.011,6.271
Charles A. Dean Memorial Hospital,Current Ratio with Board Designated and Undesignated Investments,1.418,1.331,2.054,3.575,3.312
Charles A. Dean Memorial Hospital,Current Ratio without Board Designated and Undesignated Investments,1.076,1.104,1.926,3.369,3.168
Charles A. Dean Memorial Hospital,Days in Accounts Receivable,46.5,52.683,36.109,34.771,41.997
Charles A. Dean Memorial Hospital,Acid Test,0.106,0.238,0.956,1.283,1.397
Charles A. Dean Memorial Hospital,"Days Cash on Hand, Current",8.499,17.924,55.029,46.593,73.311
Charles A. Dean Memorial Hospital,"Days Cash on Hand, Incl Board Designated & Undesignated Investments",35.759,35.027,62.4,54.069,80.844
Charles A. Dean Memorial Hospital,"Average Payment Period, Accounts Payable and Accrued Expenses",29.767,34.692,25.098,23.136,18.826
Charles A. Dean Memorial Hospital,"Average Payment Period, Current Liabilities",79.829,75.336,57.588,36.313,52.491
Charles A. Dean Memorial Hospital,Equity Financing Ratio,0.287,0.042,0.11,0.308,0.373
Charles A. Dean Memorial Hospital,Fixed Asset Financing,0.075,1.054,0.727,0.699,0.711
Charles A. Dean Memorial Hospital,Cash Flow Divided by Total Debt,0.069,-0.1,0.181,0.339,0.301
Charles A. Dean Memorial Hospital,Cash Flow Divided by Total Debt with Operating Income Only,0.066,-0.102,0.168,0.338,0.301
Charles A. Dean Memorial Hospital,Debt Service Coverage,7.4,-14.916,12.487,13.583,12.941
Charles A. Dean Memorial Hospital,Debt Service Coverage with Operating Income Only,7.134,-15.19,11.649,13.56,12.929
Charles A. Dean Memorial Hospital,Total Margin,-0.011,-0.108,0.069,0.11,0.1
Charles A. Dean Memorial Hospital,Operating Margin,-0.012,-0.109,0.063,0.11,0.1
Charles A. Dean Memorial Hospital,Non Operating Revenue Margin,-0.088,-0.011,0.097,0.002,0.001
Charles A. Dean Memorial Hospital,Return on Assets,-0.021,-0.152,0.118,0.187,0.149
Charles A. Dean Memorial Hospital,Return on Equity,-0.072,-3.588,1.073,0.608,0.4
Charles A. Dean Memorial Hospital,Markup,1.233,1.16,1.336,1.282,1.294
Charles A. Dean Memorial Hospital,Deductible,0.194,0.171,0.229,0.17,0.158
Charles A. Dean Memorial Hospital,Markup Adjustment for Deductible,1.008,0.974,1.051,1.082,1.102
Charles A. Dean Memorial Hospital,Reported Income Index,0.207,0.807,1.761,0.908,1.335
Charles A. Dean Memorial Hospital,Total Asset Turnover,1.885,1.408,1.714,1.698,1.486
Charles A. Dean Memorial Hospital,Fixed Asset Turnover,4.815,4.13,3.46,3.655,3.9
Charles A. Dean Memorial Hospital,Average Age of Plant Depreciation Only,12.32,13.272,13.413,12.155,13.108
Charles A. Dean Memorial Hospital,Total Operating Expense Growth,0.017,0.019,0.009,0.024,0.043
Charles A. Dean Memorial Hospital,Total Operating Revenue Growth,0.021,-0.07,0.193,0.079,0.032
Charles A. Dean Memorial Hospital,Long Term Debt to Equity,0.102,8.474,3.254,1.055,0.727
Down East Community Hospital,Current Ratio with Board Designated and Undesignated Investments,1.664,1.54,1.474,1.591,3.154
Down East Community Hospital,Current Ratio without Board Designated and Undesignated Investments,1.326,1.44,1.266,1.402,1.925
Down East Community Hospital,Days in Accounts Receivable,37.268,36.57,36.317,31.266,38.094
Down East Community Hospital,Acid Test,0.406,0.252,0.289,0.623,0.846
Down East Community Hospital,"Days Cash on Hand, Current",25.781,17.59,15.022,33.946,39.186
Down East Community Hospital,"Days Cash on Hand, Incl Board Designated & Undesignated Investments",47.241,24.582,25.793,44.257,96.14
Down East Community Hospital,"Average Payment Period, Accounts Payable and Accrued Expenses",30.986,60.894,33.558,25.086,29.357
Down East Community Hospital,"Average Payment Period, Current Liabilities",63.543,69.903,51.956,54.508,46.343
Down East Community Hospital,Equity Financing Ratio,0.338,0.39,0.421,0.422,0.393
Down East Community Hospital,Fixed Asset Financing,0.232,0.167,0.333,0.338,0.79
Down East Community Hospital,Cash Flow Divided by Total Debt,0.103,0.162,0.147,0.118,0.186
Down East Community Hospital,Cash Flow Divided by Total Debt with Operating Income Only,0.095,0.148,0.135,0.099,0.174
Down East Community Hospital,Debt Service Coverage,1.897,2.691,2.459,1.714,3.296
Down East Community Hospital,Debt Service Coverage with Operating Income Only,1.774,2.471,2.265,1.471,3.096
Down East Community Hospital,Total Margin,-0.003,0.02,0.016,0.009,0.046
Down East Community Hospital,Operating Margin,-0.006,0.016,0.012,0.003,0.041
Down East Community Hospital,Non Operating Revenue Margin,-0.944,0.226,0.238,0.687,0.106
Down East Community Hospital,Return on Assets,-0.005,0.038,0.03,0.016,0.069
Down East Community Hospital,Return on Equity,-0.015,0.097,0.072,0.038,0.176
Down East Community Hospital,Markup,2.05,2.05,2.035,2.103,2.211
Down East Community Hospital,Deductible,0.456,0.458,0.454,0.471,0.508
Down East Community Hospital,Markup Adjustment for Deductible,1.128,1.118,1.12,1.12,1.106
Down East Community Hospital,Reported Income Index,-0.345,0.642,0.542,0.562,0.783
Down East Community Hospital,Total Asset Turnover,1.766,1.86,1.925,1.903,1.515
Down East Community Hospital,Fixed Asset Turnover,3.509,4.004,3.182,3.384,3.435
Down East Community Hospital,Average Age of Plant Depreciation Only,13.243,16.086,17.801,18.166,15.491
Down East Community Hospital,Total Operating Expense Growth,0.026,0.052,0.11,0.067,0.061
Down East Community Hospital,Total Operating Revenue Growth,0.075,0.075,0.106,0.057,0.103
Down East Community Hospital,Long Term Debt to Equity,0.344,0.198,0.477,0.448,0.881
Eastern Maine Medical Center,Current Ratio with Board Designated and Undesignated Investments,4.01,4.344,3.073,3.771,3.971
Eastern Maine Medical Center,Current Ratio without Board Designated and Undesignated Investments,1.806,2.17,2.459,3.152,3.43
Eastern Maine Medical Center,Days in Accounts Receivable,43.305,41.384,41.939,42.89,53.305
Eastern Maine Medical Center,Acid Test,0.637,0.929,0.393,1.395,1.535
Eastern Maine Medical Center,"Days Cash on Hand, Current",33.191,41.811,14.416,52.087,66.955
Eastern Maine Medical Center,"Days Cash on Hand, Incl Board Designated & Undesignated Investments",148.096,139.638,36.952,75.17,90.561
Eastern Maine Medical Center,"Average Payment Period, Accounts Payable and Accrued Expenses",41.86,38.754,31.999,29.058,23.662
Eastern Maine Medical Center,"Average Payment Period, Current Liabilities",52.134,45.006,36.673,37.329,43.629
Eastern Maine Medical Center,Equity Financing Ratio,0.456,0.405,0.317,0.324,0.329
Eastern Maine Medical Center,Fixed Asset Financing,0.633,0.908,0.781,0.777,0.794
Eastern Maine Medical Center,Cash Flow Divided by Total Debt,0.155,0.108,0.119,0.072,0.137
Eastern Maine Medical Center,Cash Flow Divided by Total Debt with Operating Income Only,0.149,0.105,0.089,0.071,0.135
Eastern Maine Medical Center,Debt Service Coverage,11.978,7.671,5.024,2.942,5.13
Eastern Maine Medical Center,Debt Service Coverage with Operating Income Only,11.579,7.462,3.977,2.898,5.062
Eastern Maine Medical Center,Total Margin,0.058,0.041,0.05,0.011,0.053
Eastern Maine Medical Center,Operating Margin,0.055,0.038,0.032,0.01,0.052
Eastern Maine Medical Center,Non Operating Revenue Margin,0.055,0.056,0.361,0.082,0.025
Eastern Maine Medical Center,Return on Assets,0.054,0.034,0.055,0.012,0.057
Eastern Maine Medical Center,Return on Equity,0.118,0.083,0.175,0.038,0.175
Eastern Maine Medical Center,Markup,2.254,2.231,2.226,2.262,2.472
Eastern Maine Medical Center,Deductible,0.507,0.516,0.527,0.537,0.573
Eastern Maine Medical Center,Markup Adjustment for Deductible,1.133,1.102,1.078,1.089,1.1
Eastern Maine Medical Center,Reported Income Index,5.642,1.343,-0.335,1.087,2.023
Eastern Maine Medical Center,Total Asset Turnover,0.927,0.832,1.11,1.106,1.081
Eastern Maine Medical Center,Fixed Asset Turnover,2.193,1.98,1.902,1.968,2.148
Eastern Maine Medical Center,Average Age of Plant Depreciation Only,13.846,12.333,16.92,12.649,13.409
Eastern Maine Medical Center,Total Operating Expense Growth,0.044,0.096,0.11,0.051,0.01
Eastern Maine Medical Center,Total Operating Revenue Growth,0.077,0.077,0.103,0.027,0.054
Eastern Maine Medical Center,Realized Gains Divided by NonOperating Revenue,0.253,0.111,0.95,0.007,0.037
Eastern Maine Medical Center,Realized Gains Divided by NetIncome,0.014,0.006,0.343,0.001,0.001
Eastern Maine Medical Center,Long Term Debt to Equity,0.586,0.94,1.413,1.347,1.215
Franklin Memorial Hospital,Current Ratio with Board Designated and Undesignated Investments,1.49,1.298,1.471,1.819,1.792
Franklin Memorial Hospital,Current Ratio without Board Designated and Undesignated Investments,1.49,1.298,1.471,1.819,1.792
Franklin Memorial Hospital,Days in Accounts Receivable,41.255,39.779,40.138,35.843,35.279
Franklin Memorial Hospital,Acid Test,0.166,0.04,0.196,0.455,0.037
Franklin Memorial Hospital,"Days Cash on Hand, Current",8.839,1.771,9.034,20.978,1.647
Franklin Memorial Hospital,"Days Cash on Hand, Incl Board Designated & Undesignated Investments",8.839,1.771,9.034,20.978,1.647
Franklin Memorial Hospital,"Average Payment Period, Accounts Payable and Accrued Expenses",43.669,21.906,26.122,26.675,32.78
Franklin Memorial Hospital,"Average Payment Period, Current Liabilities",53.382,44.111,45.982,46.141,44.322
Franklin Memorial Hospital,Equity Financing Ratio,0.351,0.316,0.344,0.379,0.413
Franklin Memorial Hospital,Fixed Asset Financing,0.607,0.598,0.621,0.627,0.529
Franklin Memorial Hospital,Cash Flow Divided by Total Debt,0.098,-0.044,-0.002,-0.076,-0.168
Franklin Memorial Hospital,Cash Flow Divided by Total Debt with Operating Income Only,0.098,-0.048,-0.048,-0.078,-0.161
Franklin Memorial Hospital,Debt Service Coverage,2.512,-0.293,0.467,-0.992,-2.818
Franklin Memorial Hospital,Debt Service Coverage with Operating Income Only,2.499,-0.384,-0.332,-1.024,-2.68
Franklin Memorial Hospital,Total Margin,-0.009,-0.066,-0.048,-0.071,-0.123
Franklin Memorial Hospital,Operating Margin,-0.009,-0.068,-0.066,-0.072,-0.12
Franklin Memorial Hospital,Non Operating Revenue Margin,-0.029,-0.028,-0.335,-0.008,0.023
Franklin Memorial Hospital,Return on Assets,-0.014,-0.116,-0.089,-0.12,-0.177
Franklin Memorial Hospital,Return on Equity,-0.041,-0.367,-0.258,-0.316,-0.429
Franklin Memorial Hospital,Markup,2.105,2.074,2.088,2.145,2.019
Franklin Memorial Hospital,Deductible,0.506,0.527,0.508,0.527,0.508
Franklin Memorial Hospital,Markup Adjustment for Deductible,1.065,1.003,1.045,1.033,1.011
Franklin Memorial Hospital,Reported Income Index,0.171,1.529,-3.966,-1.586,-1.83
Franklin Memorial Hospital,Total Asset Turnover,1.627,1.764,1.828,1.685,1.438
Franklin Memorial Hospital,Fixed Asset Turnover,2.625,2.639,2.89,3.275,3.02
Franklin Memorial Hospital,Average Age of Plant Depreciation Only,15.619,16.563,17.478,19.1,14.97
Franklin Memorial Hospital,Total Operating Expense Growth,0.018,0.028,0.002,0.065,0.073
Franklin Memorial Hospital,Total Operating Revenue Growth,0.054,-0.029,0.004,0.059,0.027
Franklin Memorial Hospital,Realized Gains Divided by NonOperating Revenue,,0.603,,,
Franklin Memorial Hospital,Realized Gains Divided by NetIncome,,-0.017,,,
Franklin Memorial Hospital,Long Term Debt to Equity,1.071,1.265,1.124,0.85,0.611
Houlton Regional Hospital,Current Ratio with Board Designated and Undesignated Investments,1.549,1.41,1.284,1.269,1.134
Houlton Regional Hospital,Current Ratio without Board Designated and Undesignated Investments,1.092,0.903,0.833,0.825,0.762
Houlton Regional Hospital,Days in Accounts Receivable,59.609,50.245,50.809,52.004,62.119
Houlton Regional Hospital,Acid Test,0.118,0.036,0.039,0.031,0.026
Houlton Regional Hospital,"Days Cash on Hand, Current",8.779,2.575,3.084,2.505,2.533
Houlton Regional Hospital,"Days Cash on Hand, Incl Board Designated & Undesignated Investments",42.934,38.505,38.441,38.032,39.171
Houlton Regional Hospital,"Average Payment Period, Accounts Payable and Accrued Expenses",44.705,46.143,50.281,64.842,69.326
Houlton Regional Hospital,"Average Payment Period, Current Liabilities",74.654,70.969,78.344,80.086,98.585
Houlton Regional Hospital,Equity Financing Ratio,0.134,0.131,0.137,0.157,0.139
Houlton Regional Hospital,Fixed Asset Financing,0.723,0.711,0.669,0.622,0.572
Houlton Regional Hospital,Cash Flow Divided by Total Debt,0.052,0.027,0.047,0.066,0.045
Houlton Regional Hospital,Cash Flow Divided by Total Debt with Operating Income Only,0.041,0.021,0.037,0.033,0.019
Houlton Regional Hospital,Debt Service Coverage,1.104,0.72,1.064,1.386,1.06
Houlton Regional Hospital,Debt Service Coverage with Operating Income Only,0.955,0.638,0.923,0.908,0.682
Houlton Regional Hospital,Total Margin,-0.009,-0.021,-0.006,0.005,-0.001
Houlton Regional Hospital,Operating Margin,-0.015,-0.023,-0.011,-0.008,-0.012
Houlton Regional Hospital,Non Operating Revenue Margin,-0.588,-0.137,-0.654,2.443,-13.802
Houlton Regional Hospital,Return on Assets,-0.016,-0.041,-0.013,0.011,-0.002
Houlton Regional Hospital,Return on Equity,-0.12,-0.312,-0.096,0.072,-0.012
Houlton Regional Hospital,Markup,1.791,1.85,1.838,1.857,1.886
Houlton Regional Hospital,Deductible,0.416,0.423,0.421,0.429,0.448
Houlton Regional Hospital,Markup Adjustment for Deductible,1.065,1.087,1.084,1.093,1.07
Houlton Regional Hospital,Reported Income Index,0.697,2.239,-2.1,0.578,0.118
Houlton Regional Hospital,Total Asset Turnover,1.768,1.987,2.057,2.08,2.0
Houlton Regional Hospital,Fixed Asset Turnover,4.045,4.534,4.915,5.056,5.38
Houlton Regional Hospital,Average Age of Plant Depreciation Only,19.486,21.248,26.027,32.347,35.687
Houlton Regional Hospital,Total Operating Expense Growth,0.01,0.024,0.02,-0.001,-0.006
Houlton Regional Hospital,Total Operating Revenue Growth,0.013,0.016,0.033,0.002,-0.01
Houlton Regional Hospital,Realized Gains Divided by NonOperating Revenue,0.618,-0.674,0.457,0.852,0.793
Houlton Regional Hospital,Realized Gains Divided by NetIncome,-0.363,0.093,-0.299,2.082,-10.945
Houlton Regional Hospital,Long Term Debt to Equity,2.342,2.379,2.035,1.613,1.516
Inland Hospital,Current Ratio with Board Designated and Undesignated Investments,1.245,2.024,1.914,1.597,1.08
Inland Hospital,Current Ratio without Board Designated and Undesignated Investments,0.739,1.082,1.534,1.194,0.695
Inland Hospital,Days in Accounts Receivable,39.649,40.617,43.425,48.464,53.092
Inland Hospital,Acid Test,0.02,-0.204,-0.416,-0.493,-1.006
Inland Hospital,"Days Cash on Hand, Current",1.842,-10.033,-18.231,-21.768,-51.216
Inland Hospital,"Days Cash on Hand, Incl Board Designated & Undesignated Investments",47.603,36.21,-1.572,-3.99,-31.598
Inland Hospital,"Average Payment Period, Accounts Payable and Accrued Expenses",31.999,34.862,33.063,27.19,27.722
Inland Hospital,"Average Payment Period, Current Liabilities",90.361,49.078,43.834,44.141,50.92
Inland Hospital,Equity Financing Ratio,0.401,0.407,0.303,0.222,0.053
Inland Hospital,Fixed Asset Financing,0.266,0.634,0.668,0.684,0.706
Inland Hospital,Cash Flow Divided by Total Debt,0.1,0.089,0.143,-0.047,-0.149
Inland Hospital,Cash Flow Divided by Total Debt with Operating Income Only,0.095,0.081,0.121,-0.048,-0.149
Inland Hospital,Debt Service Coverage,3.479,2.704,4.283,-0.727,-3.551
Inland Hospital,Debt Service Coverage with Operating Income Only,3.319,2.526,3.708,-0.738,-3.551
Inland Hospital,Total Margin,0.005,-0.005,0.019,-0.04,-0.077
Inland Hospital,Operating Margin,0.003,-0.008,0.012,-0.04,-0.077
Inland Hospital,Non Operating Revenue Margin,0.42,-0.482,0.361,-0.003,-0.0
Inland Hospital,Return on Assets,0.008,-0.009,0.043,-0.097,-0.208
Inland Hospital,Return on Equity,0.019,-0.022,0.141,-0.438,-3.952
Inland Hospital,Markup,1.836,1.931,1.999,1.884,1.89
Inland Hospital,Deductible,0.407,0.442,0.452,0.459,0.496
Inland Hospital,Markup Adjustment for Deductible,1.109,1.095,1.114,1.042,0.992
Inland Hospital,Reported Income Index,-0.329,0.214,-0.183,0.839,0.977
Inland Hospital,Total Asset Turnover,1.415,1.627,2.289,2.445,2.704
Inland Hospital,Fixed Asset Turnover,3.82,4.011,4.675,4.802,4.748
Inland Hospital,Average Age of Plant Depreciation Only,10.275,10.546,14.713,16.472,18.77
Inland Hospital,Total Operating Expense Growth,0.029,0.042,0.043,0.012,-0.041
Inland Hospital,Total Operating Revenue Growth,0.056,0.03,0.064,-0.038,-0.074
Inland Hospital,Realized Gains Divided by NonOperating Revenue,-0.147,0.075,0.928,0.516,
Inland Hospital,Realized Gains Divided by NetIncome,-0.062,-0.036,0.335,-0.002,
Inland Hospital,Long Term Debt to Equity,0.245,0.63,1.073,1.566,7.644
LincolnHealth,Current Ratio with Board Designated and Undesignated Investments,3.228,5.116,2.644,1.576,1.967
LincolnHealth,Current Ratio without Board Designated and Undesignated Investments,2.332,3.63,1.992,1.217,1.728
LincolnHealth,Days in Accounts Receivable,47.068,47.741,45.092,42.839,42.454
LincolnHealth,Acid Test,0.58,0.824,0.415,0.143,0.07
LincolnHealth,"Days Cash on Hand, Current",30.771,21.53,26.124,12.041,4.531
LincolnHealth,"Days Cash on Hand, Incl Board Designated & Undesignated Investments",78.334,60.382,67.1,42.157,19.926
LincolnHealth,"Average Payment Period, Accounts Payable and Accrued Expenses",16.746,14.576,19.699,27.517,19.654
LincolnHealth,"Average Payment Period, Current Liabilities",53.061,26.139,62.876,83.944,64.429
LincolnHealth,Equity Financing Ratio,0.661,0.687,0.616,0.6,0.668
LincolnHealth,Fixed Asset Financing,0.384,0.358,0.313,0.205,0.176
LincolnHealth,Cash Flow Divided by Total Debt,0.326,0.314,0.288,0.269,0.325
LincolnHealth,Cash Flow Divided by Total Debt with Operating Income Only,0.263,0.273,0.241,0.239,0.287
LincolnHealth,Debt Service Coverage,5.068,3.94,4.195,4.301,4.522
LincolnHealth,Debt Service Coverage with Operating Income Only,4.162,3.477,3.566,3.864,4.031
LincolnHealth,Total Margin,0.058,0.036,0.049,0.046,0.036
LincolnHealth,Operating Margin,0.04,0.026,0.034,0.036,0.026
LincolnHealth,Non Operating Revenue Margin,0.326,0.29,0.317,0.226,0.287
LincolnHealth,Return on Assets,0.066,0.044,0.057,0.052,0.043
LincolnHealth,Return on Equity,0.1,0.065,0.092,0.086,0.065
LincolnHealth,Markup,1.601,1.673,1.666,1.645,1.637
LincolnHealth,Deductible,0.345,0.335,0.332,0.316,0.341
LincolnHealth,Markup Adjustment for Deductible,1.055,1.131,1.123,1.134,1.093
LincolnHealth,Reported Income Index,4.067,-3.586,4.553,1.548,0.601
LincolnHealth,Total Asset Turnover,1.134,1.228,1.157,1.128,1.193
LincolnHealth,Fixed Asset Turnover,2.302,2.22,2.328,1.865,1.993
LincolnHealth,Average Age of Plant Depreciation Only,15.882,14.321,13.467,12.52,11.342
LincolnHealth,Total Operating Expense Growth,0.007,0.048,0.057,0.065,0.074
LincolnHealth,Total Operating Revenue Growth,0.063,0.033,0.066,0.067,0.063
LincolnHealth,Realized Gains Divided by NonOperating Revenue,0.649,0.369,0.707,-0.442,0.847
LincolnHealth,Realized Gains Divided by NetIncome,0.212,0.107,0.224,-0.1,0.243
LincolnHealth,Long Term Debt to Equity,0.281,0.286,0.248,0.204,0.156
Maine Behavioral Healthcare,Current Ratio with Board Designated and Undesignated Investments,3.937,3.017,3.165,2.951,0.889
Maine Behavioral Healthcare,Current Ratio without Board Designated and Undesignated Investments,3.864,2.989,3.138,2.923,0.889
Maine Behavioral Healthcare,Days in Accounts Receivable,30.607,32.795,38.402,24.597,25.102
Maine Behavioral Healthcare,Acid Test,2.73,1.97,2.023,2.123,0.057
Maine Behavioral Healthcare,"Days Cash on Hand, Current",80.193,69.495,66.373,67.19,1.773
Maine Behavioral Healthcare,"Days Cash on Hand, Incl Board Designated & Undesignated Investments",82.364,70.493,67.261,68.072,1.773
Maine Behavioral Healthcare,"Average Payment Period, Accounts Payable and Accrued Expenses",22.857,20.294,23.555,21.542,23.055
Maine Behavioral Healthcare,"Average Payment Period, Current Liabilities",29.373,35.273,32.815,31.645,31.048
Maine Behavioral Healthcare,Equity Financing Ratio,0.285,0.268,0.318,0.351,0.094
Maine Behavioral Healthcare,Fixed Asset Financing,0.778,0.736,0.715,0.654,0.625
Maine Behavioral Healthcare,Cash Flow Divided by Total Debt,-0.004,0.033,0.132,0.117,0.132
Maine Behavioral Healthcare,Cash Flow Divided by Total Debt with Operating Income Only,0.06,0.02,0.121,0.109,0.13
Maine Behavioral Healthcare,Debt Service Coverage,0.353,0.959,2.427,2.344,2.616
Maine Behavioral Healthcare,Debt Service Coverage with Operating Income Only,1.406,0.736,2.267,2.213,2.57
Maine Behavioral Healthcare,Total Margin,-0.027,-0.01,0.027,0.018,0.015
Maine Behavioral Healthcare,Operating Margin,0.004,-0.016,0.023,0.015,0.014
Maine Behavioral Healthcare,Non Operating Revenue Margin,1.165,-0.597,0.151,0.16,0.059
Maine Behavioral Healthcare,Return on Assets,-0.039,-0.016,0.046,0.032,0.043
Maine Behavioral Healthcare,Return on Equity,-0.137,-0.061,0.146,0.091,0.453
Maine Behavioral Healthcare,Markup,1.402,1.345,1.455,1.42,1.489
Maine Behavioral Healthcare,Deductible,0.205,0.193,0.208,0.203,0.246
Maine Behavioral Healthcare,Markup Adjustment for Deductible,1.143,1.116,1.186,1.168,1.162
Maine Behavioral Healthcare,Reported Income Index,0.971,0.93,1.022,1.03,-0.098
Maine Behavioral Healthcare,Total Asset Turnover,1.459,1.609,1.75,1.812,2.81
Maine Behavioral Healthcare,Fixed Asset Turnover,2.969,3.192,3.536,3.565,3.772
Maine Behavioral Healthcare,Average Age of Plant Depreciation Only,10.436,10.006,9.025,9.642,9.051
Maine Behavioral Healthcare,Total Operating Expense Growth,0.06,0.082,0.031,0.039,0.031
Maine Behavioral Healthcare,Total Operating Revenue Growth,0.06,0.06,0.072,0.031,0.031
Maine Behavioral Healthcare,Realized Gains Divided by NonOperating Revenue,,,,,0.129
Maine Behavioral Healthcare,Realized Gains Divided by NetIncome,,,,,0.008
Maine Behavioral Healthcare,Long Term Debt to Equity,1.386,1.378,1.108,0.946,4.946
Maine Coast Memorial Hospital,Current Ratio with Board Designated and Undesignated Investments,2.365,1.849,1.032,0.757,0.931
Maine Coast Memorial Hospital,Current Ratio without Board Designated and Undesignated Investments,1.131,1.012,0.623,0.231,0.378
Maine Coast Memorial Hospital,Days in Accounts Receivable,51.23,50.204,69.127,72.586,71.55
Maine Coast Memorial Hospital,Acid Test,0.123,0.143,-0.821,-1.878,-1.985
Maine Coast Memorial Hospital,"Days Cash on Hand, Current",7.901,13.365,-51.59,-99.743,-106.143
Maine Coast Memorial Hospital,"Days Cash on Hand, Incl Board Designated & Undesignated Investments",87.188,91.712,-25.955,-71.844,-76.557
Maine Coast Memorial Hospital,"Average Payment Period, Accounts Payable and Accrued Expenses",44.306,42.535,42.057,30.235,36.624
Maine Coast Memorial Hospital,"Average Payment Period, Current Liabilities",64.225,93.628,62.806,53.11,53.483
Maine Coast Memorial Hospital,Equity Financing Ratio,0.584,0.475,0.304,0.239,0.292
Maine Coast Memorial Hospital,Fixed Asset Financing,0.394,0.458,0.474,0.492,0.496
Maine Coast Memorial Hospital,Cash Flow Divided by Total Debt,-0.14,-0.097,-0.083,-0.085,0.162
Maine Coast Memorial Hospital,Cash Flow Divided by Total Debt with Operating Income Only,-0.145,-0.074,-0.131,-0.087,0.161
Maine Coast Memorial Hospital,Debt Service Coverage,-2.44,-2.931,-2.942,-2.538,8.402
Maine Coast Memorial Hospital,Debt Service Coverage with Operating Income Only,-2.532,-2.154,-5.024,-2.602,8.357
Maine Coast Memorial Hospital,Total Margin,-0.095,-0.085,-0.058,-0.055,0.023
Maine Coast Memorial Hospital,Operating Margin,-0.097,-0.074,-0.075,-0.056,0.023
Maine Coast Memorial Hospital,Non Operating Revenue Margin,-0.016,0.118,-0.278,-0.01,0.012
Maine Coast Memorial Hospital,Return on Assets,-0.112,-0.101,-0.12,-0.135,0.055
Maine Coast Memorial Hospital,Return on Equity,-0.191,-0.213,-0.395,-0.564,0.19
Maine Coast Memorial Hospital,Markup,2.014,1.989,2.018,2.104,2.361
Maine Coast Memorial Hospital,Deductible,0.496,0.47,0.492,0.486,0.51
Maine Coast Memorial Hospital,Markup Adjustment for Deductible,1.033,1.074,1.039,1.088,1.165
Maine Coast Memorial Hospital,Reported Income Index,1.047,1.487,0.247,1.038,0.889
Maine Coast Memorial Hospital,Total Asset Turnover,1.173,1.187,2.073,2.444,2.424
Maine Coast Memorial Hospital,Fixed Asset Turnover,2.508,3.072,3.32,3.428,3.595
Maine Coast Memorial Hospital,Average Age of Plant Depreciation Only,11.094,0.999,2.347,3.467,5.098
Maine Coast Memorial Hospital,Total Operating Expense Growth,0.007,0.077,0.023,-0.032,-0.041
Maine Coast Memorial Hospital,Total Operating Revenue Growth,-0.022,0.1,0.023,-0.015,0.036
Maine Coast Memorial Hospital,Realized Gains Divided by NonOperating Revenue,-4.541,-0.037,0.918,0.002,
Maine Coast Memorial Hospital,Realized Gains Divided by NetIncome,0.075,-0.004,-0.255,-0.0,
Maine Coast Memorial Hospital,Long Term Debt to Equity,0.316,0.376,0.958,1.464,1.147
Maine Medical Center,Current Ratio with Board Designated and Undesignated Investments,3.018,3.203,2.989,3.425,1.433
Maine Medical Center,Current Ratio without Board Designated and Undesignated Investments,2.045,2.234,2.154,2.654,0.952
Maine Medical Center,Days in Accounts Receivable,31.097,36.644,39.4,39.074,41.475
Maine Medical Center,Acid Test,1.467,1.576,1.521,2.039,-0.051
Maine Medical Center,"Days Cash on Hand, Current",137.85,141.38,153.093,211.1,-3.722
Maine Medical Center,"Days Cash on Hand, Incl Board Designated & Undesignated Investments",229.204,228.248,237.125,290.891,31.466
Maine Medical Center,"Average Payment Period, Accounts Payable and Accrued Expenses",34.518,30.986,36.985,34.128,35.278
Maine Medical Center,"Average Payment Period, Current Liabilities",93.971,89.709,100.625,103.527,73.18
Maine Medical Center,Equity Financing Ratio,0.444,0.404,0.464,0.472,0.106
Maine Medical Center,Fixed Asset Financing,0.309,0.304,0.284,0.611,0.509
Maine Medical Center,Cash Flow Divided by Total Debt,0.203,0.214,0.268,0.25,0.243
Maine Medical Center,Cash Flow Divided by Total Debt with Operating Income Only,0.197,0.205,0.237,0.221,0.248
Maine Medical Center,Debt Service Coverage,16.272,21.264,27.968,29.407,27.623
Maine Medical Center,Debt Service Coverage with Operating Income Only,15.754,20.372,24.758,26.049,28.194
Maine Medical Center,Total Margin,0.081,0.097,0.11,0.113,0.104
Maine Medical Center,Operating Margin,0.077,0.091,0.092,0.096,0.107
Maine Medical Center,Non Operating Revenue Margin,0.054,0.065,0.175,0.172,-0.032
Maine Medical Center,Return on Assets,0.069,0.085,0.097,0.09,0.144
Maine Medical Center,Return on Equity,0.154,0.21,0.21,0.191,1.357
Maine Medical Center,Markup,2.04,2.024,2.088,2.16,2.263
Maine Medical Center,Deductible,0.459,0.463,0.492,0.492,0.519
Maine Medical Center,Markup Adjustment for Deductible,1.177,1.173,1.156,1.197,1.173
Maine Medical Center,Reported Income Index,-2.438,-43.939,0.967,1.039,-0.204
Maine Medical Center,Total Asset Turnover,0.849,0.877,0.885,0.796,1.378
Maine Medical Center,Fixed Asset Turnover,2.471,2.753,2.873,2.761,2.399
Maine Medical Center,Average Age of Plant Depreciation Only,9.977,10.35,9.335,9.413,9.731
Maine Medical Center,Total Operating Expense Growth,0.099,0.111,0.105,0.079,0.018
Maine Medical Center,Total Operating Revenue Growth,0.098,0.128,0.107,0.082,0.032
Maine Medical Center,Realized Gains Divided by NonOperating Revenue,-0.61,-0.375,0.145,0.123,1.078
Maine Medical Center,Realized Gains Divided by NetIncome,-0.033,-0.025,0.025,0.021,-0.034
Maine Medical Center,Long Term Debt to Equity,0.238,0.238,0.185,0.365,2.773
MaineGeneral Medical Center,Current Ratio with Board Designated and Undesignated Investments,2.372,2.766,2.696,3.427,3.064
MaineGeneral Medical Center,Current Ratio without Board Designated and Undesignated Investments,1.685,1.905,1.855,2.252,2.001
MaineGeneral Medical Center,Days in Accounts Receivable,87.124,74.096,70.146,61.985,58.191
MaineGeneral Medical Center,Acid Test,0.346,0.22,0.336,0.389,0.398
MaineGeneral Medical Center,"Days Cash on Hand, Current",24.189,13.27,19.587,17.851,20.279
MaineGeneral Medical Center,"Days Cash on Hand, Incl Board Designated & Undesignated Investments",72.151,65.264,68.558,71.796,74.351
MaineGeneral Medical Center,"Average Payment Period, Accounts Payable and Accrued Expenses",29.739,28.002,25.428,24.791,27.03
MaineGeneral Medical Center,"Average Payment Period, Current Liabilities",69.854,60.434,58.25,45.939,50.891
MaineGeneral Medical Center,Equity Financing Ratio,0.344,0.325,0.335,0.359,0.353
MaineGeneral Medical Center,Fixed Asset Financing,0.742,0.758,0.759,0.789,0.776
MaineGeneral Medical Center,Cash Flow Divided by Total Debt,0.019,0.076,0.035,0.069,0.08
MaineGeneral Medical Center,Cash Flow Divided by Total Debt with Operating Income Only,0.011,0.072,0.024,0.063,0.069
MaineGeneral Medical Center,Debt Service Coverage,1.221,2.23,1.448,1.499,2.116
MaineGeneral Medical Center,Debt Service Coverage with Operating Income Only,1.075,2.159,1.254,1.424,1.942
MaineGeneral Medical Center,Total Margin,-0.051,0.006,-0.032,0.009,0.02
MaineGeneral Medical Center,Operating Margin,-0.06,0.003,-0.043,0.004,0.012
MaineGeneral Medical Center,Non Operating Revenue Margin,-0.161,0.561,-0.312,0.538,0.4
MaineGeneral Medical Center,Return on Assets,-0.033,0.005,-0.024,0.007,0.017
MaineGeneral Medical Center,Return on Equity,-0.097,0.015,-0.073,0.02,0.049
MaineGeneral Medical Center,Markup,2.021,2.084,2.112,2.229,2.294
MaineGeneral Medical Center,Deductible,0.501,0.503,0.526,0.529,0.544
MaineGeneral Medical Center,Markup Adjustment for Deductible,1.043,1.07,1.037,1.089,1.091
MaineGeneral Medical Center,Reported Income Index,0.819,-0.182,47.642,0.316,34.559
MaineGeneral Medical Center,Total Asset Turnover,0.654,0.737,0.76,0.807,0.853
MaineGeneral Medical Center,Fixed Asset Turnover,0.987,1.145,1.177,1.286,1.393
MaineGeneral Medical Center,Average Age of Plant Depreciation Only,6.408,7.203,7.752,10.824,12.278
MaineGeneral Medical Center,Total Operating Expense Growth,0.045,0.046,0.035,0.015,0.066
MaineGeneral Medical Center,Total Operating Revenue Growth,0.022,0.111,-0.01,0.062,0.075
MaineGeneral Medical Center,Realized Gains Divided by NonOperating Revenue,0.698,-0.004,0.782,0.223,0.046
MaineGeneral Medical Center,Realized Gains Divided by NetIncome,-0.112,-0.002,-0.244,0.12,0.019
MaineGeneral Medical Center,Long Term Debt to Equity,1.417,1.498,1.448,1.371,1.336
Mayo Regional Hospital,Current Ratio with Board Designated and Undesignated Investments,3.861,4.184,4.142,3.376,1.792
Mayo Regional Hospital,Current Ratio without Board Designated and Undesignated Investments,2.103,1.94,1.722,1.436,0.909
Mayo Regional Hospital,Days in Accounts Receivable,48.408,43.686,39.743,44.437,59.739
Mayo Regional Hospital,Acid Test,0.828,0.502,0.453,0.371,0.1
Mayo Regional Hospital,"Days Cash on Hand, Current",43.119,21.109,19.206,21.198,9.26
Mayo Regional Hospital,"Days Cash on Hand, Incl Board Designated & Undesignated Investments",134.681,115.54,121.83,132.231,91.113
Mayo Regional Hospital,"Average Payment Period, Accounts Payable and Accrued Expenses",31.528,34.478,36.239,41.809,56.519
Mayo Regional Hospital,"Average Payment Period, Current Liabilities",52.086,42.068,42.415,57.212,92.694
Mayo Regional Hospital,Equity Financing Ratio,0.744,0.768,0.685,0.627,0.593
Mayo Regional Hospital,Fixed Asset Financing,0.254,0.221,0.433,0.569,0.214
Mayo Regional Hospital,Cash Flow Divided by Total Debt,0.168,0.125,0.129,0.143,-0.037
Mayo Regional Hospital,Cash Flow Divided by Total Debt with Operating Income Only,0.192,0.015,0.005,0.03,-0.059
Mayo Regional Hospital,Debt Service Coverage,2.927,1.987,2.957,3.45,-0.31
Mayo Regional Hospital,Debt Service Coverage with Operating Income Only,3.3,0.45,0.359,1.012,-0.638
Mayo Regional Hospital,Total Margin,-0.005,-0.014,-0.004,0.007,-0.052
Mayo Regional Hospital,Operating Margin,-0.0,-0.033,-0.036,-0.03,-0.059
Mayo Regional Hospital,Non Operating Revenue Margin,0.953,-1.296,-6.822,5.392,-0.137
Mayo Regional Hospital,Return on Assets,-0.006,-0.02,-0.006,0.008,-0.067
Mayo Regional Hospital,Return on Equity,-0.009,-0.026,-0.008,0.012,-0.114
Mayo Regional Hospital,Markup,1.738,1.73,1.747,1.76,1.702
Mayo Regional Hospital,Deductible,0.391,0.381,0.411,0.41,0.396
Mayo Regional Hospital,Markup Adjustment for Deductible,1.086,1.095,1.054,1.07,1.056
Mayo Regional Hospital,Reported Income Index,1.162,1.012,-2.93,0.944,1.015
Mayo Regional Hospital,Total Asset Turnover,1.277,1.413,1.287,1.198,1.297
Mayo Regional Hospital,Fixed Asset Turnover,4.066,4.252,3.166,3.401,3.721
Mayo Regional Hospital,Average Age of Plant Depreciation Only,15.212,17.247,16.94,16.626,16.004
Mayo Regional Hospital,Total Operating Expense Growth,0.01,0.055,0.015,0.019,0.091
Mayo Regional Hospital,Total Operating Revenue Growth,0.028,0.022,0.012,0.025,0.06
Mayo Regional Hospital,Realized Gains Divided by NonOperating Revenue,2.13,0.649,0.793,0.81,0.043
Mayo Regional Hospital,Realized Gains Divided by NetIncome,2.03,-0.841,-5.413,4.368,-0.006
Mayo Regional Hospital,Long Term Debt to Equity,0.108,0.094,0.249,0.308,0.125
Mercy Hospital,Current Ratio with Board Designated and Undesignated Investments,0.9,0.721,0.823,0.907,1.317
Mercy Hospital,Current Ratio without Board Designated and Undesignated Investments,0.9,0.721,0.715,0.784,1.137
Mercy Hospital,Days in Accounts Receivable,52.177,45.577,43.628,43.572,43.353
Mercy Hospital,Acid Test,0.178,0.08,-0.241,-0.28,-0.141
Mercy Hospital,"Days Cash on Hand, Current",16.932,7.296,-14.324,-15.682,-7.073
Mercy Hospital,"Days Cash on Hand, Incl Board Designated & Undesignated Investments",16.932,7.323,-7.896,-8.765,1.99
Mercy Hospital,"Average Payment Period, Accounts Payable and Accrued Expenses",52.049,39.112,37.398,32.603,27.773
Mercy Hospital,"Average Payment Period, Current Liabilities",95.04,91.461,59.5,56.059,50.312
Mercy Hospital,Equity Financing Ratio,0.229,0.131,0.188,0.196,0.284
Mercy Hospital,Fixed Asset Financing,0.552,0.636,0.637,0.636,0.622
Mercy Hospital,Cash Flow Divided by Total Debt,-0.06,-0.031,0.03,0.083,0.194
Mercy Hospital,Cash Flow Divided by Total Debt with Operating Income Only,-0.059,-0.031,0.03,0.082,0.195
Mercy Hospital,Debt Service Coverage,-1.254,-0.345,1.061,2.027,3.873
Mercy Hospital,Debt Service Coverage with Operating Income Only,-1.228,-0.354,1.048,2.011,3.903
Mercy Hospital,Total Margin,-0.103,-0.079,-0.018,0.007,0.052
Mercy Hospital,Operating Margin,-0.102,-0.079,-0.019,0.007,0.053
Mercy Hospital,Non Operating Revenue Margin,0.006,-0.002,-0.018,0.051,-0.013
Mercy Hospital,Return on Assets,-0.122,-0.112,-0.029,0.013,0.091
Mercy Hospital,Return on Equity,-0.534,-0.855,-0.154,0.065,0.32
Mercy Hospital,Markup,2.224,2.269,2.38,2.466,2.405
Mercy Hospital,Deductible,0.535,0.556,0.545,0.548,0.539
Mercy Hospital,Markup Adjustment for Deductible,1.042,1.019,1.092,1.125,1.119
Mercy Hospital,Reported Income Index,1.397,0.808,-0.825,23.562,0.934
Mercy Hospital,Total Asset Turnover,1.187,1.416,1.591,1.738,1.74
Mercy Hospital,Fixed Asset Turnover,1.885,2.113,2.137,2.365,2.57
Mercy Hospital,Average Age of Plant Depreciation Only,1.683,2.749,6.012,7.137,8.724
Mercy Hospital,Total Operating Expense Growth,0.085,-0.009,-0.09,0.025,0.002
Mercy Hospital,Total Operating Revenue Growth,-0.027,0.012,-0.036,0.052,0.05
Mercy Hospital,Long Term Debt to Equity,1.521,3.253,2.523,2.39,1.485
Mid Coast Hospital,Current Ratio with Board Designated and Undesignated Investments,4.365,4.51,4.512,4.723,4.997
Mid Coast Hospital,Current Ratio without Board Designated and Undesignated Investments,1.899,1.909,2.043,2.336,2.537
Mid Coast Hospital,Days in Accounts Receivable,61.993,53.001,55.019,68.581,68.806
Mid Coast Hospital,Acid Test,0.295,0.315,0.401,0.277,0.382
Mid Coast Hospital,"Days Cash on Hand, Current",15.079,13.887,17.536,11.581,15.344
Mid Coast Hospital,"Days Cash on Hand, Incl Board Designated & Undesignated Investments",140.933,128.425,125.557,111.305,114.145
Mid Coast Hospital,"Average Payment Period, Accounts Payable and Accrued Expenses",37.852,33.959,33.195,32.23,33.419
Mid Coast Hospital,"Average Payment Period, Current Liabilities",51.035,44.049,43.759,41.774,40.158
Mid Coast Hospital,Equity Financing Ratio,0.627,0.636,0.626,0.641,0.668
Mid Coast Hospital,Fixed Asset Financing,0.462,0.434,0.466,0.407,0.366
Mid Coast Hospital,Cash Flow Divided by Total Debt,0.193,0.153,0.17,0.164,0.264
Mid Coast Hospital,Cash Flow Divided by Total Debt with Operating Income Only,0.144,0.117,0.139,0.114,0.205
Mid Coast Hospital,Debt Service Coverage,4.335,3.578,4.602,2.707,4.185
Mid Coast Hospital,Debt Service Coverage with Operating Income Only,3.376,2.859,3.842,1.942,3.3
Mid Coast Hospital,Total Margin,0.037,0.019,0.027,0.021,0.045
Mid Coast Hospital,Operating Margin,0.019,0.007,0.016,0.004,0.029
Mid Coast Hospital,Non Operating Revenue Margin,0.498,0.653,0.404,0.826,0.383
Mid Coast Hospital,Return on Assets,0.036,0.02,0.029,0.022,0.051
Mid Coast Hospital,Return on Equity,0.058,0.032,0.046,0.034,0.077
Mid Coast Hospital,Markup,2.037,2.059,2.201,2.341,2.469
Mid Coast Hospital,Deductible,0.46,0.468,0.493,0.523,0.531
Mid Coast Hospital,Markup Adjustment for Deductible,1.115,1.112,1.131,1.13,1.17
Mid Coast Hospital,Reported Income Index,0.973,0.655,0.867,0.723,0.929
Mid Coast Hospital,Total Asset Turnover,0.975,1.075,1.049,1.066,1.125
Mid Coast Hospital,Fixed Asset Turnover,2.587,2.96,2.911,2.958,3.362
Mid Coast Hospital,Average Age of Plant Depreciation Only,11.214,11.7,11.795,11.423,11.773
Mid Coast Hospital,Total Operating Expense Growth,0.127,0.164,0.038,0.049,0.076
Mid Coast Hospital,Total Operating Revenue Growth,0.12,0.15,0.048,0.036,0.104
Mid Coast Hospital,Realized Gains Divided by NonOperating Revenue,0.149,-0.009,-0.031,0.158,0.166
Mid Coast Hospital,Realized Gains Divided by NetIncome,0.074,-0.006,-0.012,0.131,0.064
Mid Coast Hospital,Long Term Debt to Equity,0.272,0.245,0.265,0.225,0.18
Millinocket Regional Hospital,Current Ratio with Board Designated and Undesignated Investments,3.066,2.547,1.867,1.427,1.184
Millinocket Regional Hospital,Current Ratio without Board Designated and Undesignated Investments,1.011,1.283,1.324,0.95,0.95
Millinocket Regional Hospital,Days in Accounts Receivable,40.67,51.464,51.511,39.538,41.507
Millinocket Regional Hospital,Acid Test,0.056,0.075,0.026,0.064,0.063
Millinocket Regional Hospital,"Days Cash on Hand, Current",4.388,6.677,3.036,5.108,6.531
Millinocket Regional Hospital,"Days Cash on Hand, Incl Board Designated & Undesignated Investments",164.806,118.9,66.67,43.397,30.974
Millinocket Regional Hospital,"Average Payment Period, Accounts Payable and Accrued Expenses",33.266,55.87,61.058,54.806,83.972
Millinocket Regional Hospital,"Average Payment Period, Current Liabilities",78.081,88.737,117.152,80.313,104.279
Millinocket Regional Hospital,Equity Financing Ratio,0.594,0.56,0.461,0.359,0.264
Millinocket Regional Hospital,Fixed Asset Financing,0.76,0.699,0.721,0.734,0.764
Millinocket Regional Hospital,Cash Flow Divided by Total Debt,0.069,0.034,-0.045,-0.402,-0.091
Millinocket Regional Hospital,Cash Flow Divided by Total Debt with Operating Income Only,0.004,-0.008,-0.115,-0.476,-0.124
Millinocket Regional Hospital,Debt Service Coverage,1.987,1.389,-1.192,-10.485,-2.318
Millinocket Regional Hospital,Debt Service Coverage with Operating Income Only,0.532,0.252,-3.708,-12.485,-3.285
Millinocket Regional Hospital,Total Margin,-0.006,-0.016,-0.047,-0.175,-0.056
Millinocket Regional Hospital,Operating Margin,-0.031,-0.033,-0.082,-0.209,-0.07
Millinocket Regional Hospital,Non Operating Revenue Margin,-4.085,-1.013,-0.68,-0.159,-0.239
Millinocket Regional Hospital,Return on Assets,-0.006,-0.018,-0.055,-0.299,-0.1
Millinocket Regional Hospital,Return on Equity,-0.011,-0.033,-0.12,-0.833,-0.38
Millinocket Regional Hospital,Markup,1.634,1.688,1.632,1.572,1.66
Millinocket Regional Hospital,Deductible,0.368,0.375,0.376,0.402,0.391
Millinocket Regional Hospital,Markup Adjustment for Deductible,1.036,1.06,1.023,0.948,1.022
Millinocket Regional Hospital,Reported Income Index,1.143,0.436,0.808,0.91,0.956
Millinocket Regional Hospital,Total Asset Turnover,1.081,1.125,1.173,1.706,1.791
Millinocket Regional Hospital,Fixed Asset Turnover,4.428,4.556,5.298,5.712,6.571
Millinocket Regional Hospital,Average Age of Plant Depreciation Only,17.004,18.759,20.202,23.636,29.077
Millinocket Regional Hospital,Total Operating Expense Growth,-0.042,0.036,0.138,0.095,-0.081
Millinocket Regional Hospital,Total Operating Revenue Growth,0.013,0.034,0.087,-0.02,0.038
Millinocket Regional Hospital,Realized Gains Divided by NonOperating Revenue,0.745,0.606,0.888,1.151,1.159
Millinocket Regional Hospital,Realized Gains Divided by NetIncome,-3.045,-0.614,-0.604,-0.183,-0.277
Millinocket Regional Hospital,Long Term Debt to Equity,0.305,0.303,0.335,0.594,0.779
Mount Desert Island Hospital,Current Ratio with Board Designated and Undesignated Investments,0.889,0.827,1.129,1.453,1.433
Mount Desert Island Hospital,Current Ratio without Board Designated and Undesignated Investments,0.52,0.559,0.756,0.915,0.935
Mount Desert Island Hospital,Days in Accounts Receivable,52.964,60.179,45.814,46.017,43.42
Mount Desert Island Hospital,Acid Test,0.035,0.047,0.045,0.096,0.152
Mount Desert Island Hospital,"Days Cash on Hand, Current",4.53,5.963,4.402,7.193,11.359
Mount Desert Island Hospital,"Days Cash on Hand, Incl Board Designated & Undesignated Investments",51.676,40.029,40.762,47.378,48.594
Mount Desert Island Hospital,"Average Payment Period, Accounts Payable and Accrued Expenses",55.712,67.122,52.792,53.261,56.004
Mount Desert Island Hospital,"Average Payment Period, Current Liabilities",128.053,126.891,97.579,74.716,74.892
Mount Desert Island Hospital,Equity Financing Ratio,0.368,0.378,0.434,0.475,0.486
Mount Desert Island Hospital,Fixed Asset Financing,0.382,0.335,0.342,0.417,0.362
Mount Desert Island Hospital,Cash Flow Divided by Total Debt,0.083,0.063,0.146,0.139,0.088
Mount Desert Island Hospital,Cash Flow Divided by Total Debt with Operating Income Only,0.07,0.068,0.148,0.148,0.095
Mount Desert Island Hospital,Debt Service Coverage,1.122,1.128,2.134,2.678,1.61
Mount Desert Island Hospital,Debt Service Coverage with Operating Income Only,0.989,1.192,2.161,2.816,1.707
Mount Desert Island Hospital,Total Margin,0.012,0.002,0.038,0.026,0.006
Mount Desert Island Hospital,Operating Margin,0.005,0.005,0.039,0.03,0.009
Mount Desert Island Hospital,Non Operating Revenue Margin,0.589,-1.159,-0.025,-0.128,-0.436
Mount Desert Island Hospital,Return on Assets,0.013,0.003,0.048,0.034,0.008
Mount Desert Island Hospital,Return on Equity,0.036,0.007,0.11,0.072,0.016
Mount Desert Island Hospital,Markup,1.561,1.57,1.591,1.606,1.627
Mount Desert Island Hospital,Deductible,0.321,0.322,0.319,0.342,0.345
Mount Desert Island Hospital,Markup Adjustment for Deductible,1.081,1.096,1.113,1.089,1.093
Mount Desert Island Hospital,Reported Income Index,0.374,0.533,0.648,1.425,0.261
Mount Desert Island Hospital,Total Asset Turnover,1.124,1.165,1.243,1.294,1.329
Mount Desert Island Hospital,Fixed Asset Turnover,2.206,2.396,2.68,2.808,2.856
Mount Desert Island Hospital,Average Age of Plant Depreciation Only,15.577,17.511,18.362,18.076,19.08
Mount Desert Island Hospital,Total Operating Expense Growth,-0.013,0.034,0.076,0.015,0.092
Mount Desert Island Hospital,Total Operating Revenue Growth,0.022,0.034,0.115,0.005,0.069
Mount Desert Island Hospital,Realized Gains Divided by NonOperating Revenue,,0.068,-0.04,-0.202,0.506
Mount Desert Island Hospital,Realized Gains Divided by NetIncome,,-0.079,0.001,0.026,-0.22
Mount Desert Island Hospital,Long Term Debt to Equity,0.525,0.433,0.366,0.406,0.347
New England Rehabilitation Hospital,Current Ratio with Board Designated and Undesignated Investments,3.562,3.183,2.125,2.194,2.275
New England Rehabilitation Hospital,Current Ratio without Board Designated and Undesignated Investments,3.562,3.183,2.125,2.194,2.275
New England Rehabilitation Hospital,Days in Accounts Receivable,64.611,58.608,59.701,60.615,58.306
New England Rehabilitation Hospital,Acid Test,1.527,1.153,1.036,0.965,0.894
New England Rehabilitation Hospital,"Days Cash on Hand, Current",80.288,59.149,87.548,70.533,55.145
New England Rehabilitation Hospital,"Days Cash on Hand, Incl Board Designated & Undesignated Investments",80.288,59.149,87.548,70.533,55.145
New England Rehabilitation Hospital,"Average Payment Period, Accounts Payable and Accrued Expenses",20.076,21.193,23.246,22.605,23.144
New England Rehabilitation Hospital,"Average Payment Period, Current Liabilities",52.567,51.291,84.526,73.076,61.702
New England Rehabilitation Hospital,Equity Financing Ratio,0.48,0.453,0.371,0.423,0.464
New England Rehabilitation Hospital,Fixed Asset Financing,0.95,0.947,0.957,0.814,0.728
New England Rehabilitation Hospital,Cash Flow Divided by Total Debt,0.844,1.119,1.029,1.042,1.289
New England Rehabilitation Hospital,Cash Flow Divided by Total Debt with Operating Income Only,0.844,1.117,1.028,1.042,1.289
New England Rehabilitation Hospital,Debt Service Coverage,7.779,9.447,10.148,8.475,8.796
New England Rehabilitation Hospital,Debt Service Coverage with Operating Income Only,7.775,9.437,10.134,8.475,8.796
New England Rehabilitation Hospital,Total Margin,0.226,0.269,0.286,0.251,0.245
New England Rehabilitation Hospital,Operating Margin,0.226,0.269,0.286,0.251,0.245
New England Rehabilitation Hospital,Non Operating Revenue Margin,0.001,0.001,0.002,,
New England Rehabilitation Hospital,Return on Assets,0.383,0.549,0.588,0.534,0.606
New England Rehabilitation Hospital,Return on Equity,0.797,1.212,1.588,1.263,1.306
New England Rehabilitation Hospital,Markup,1.981,1.944,1.993,1.893,1.872
New England Rehabilitation Hospital,Deductible,0.336,0.279,0.289,0.285,0.282
New England Rehabilitation Hospital,Markup Adjustment for Deductible,1.323,1.408,1.423,1.356,1.349
New England Rehabilitation Hospital,Reported Income Index,7.5,-5.879,-7.675,32.712,-257.732
New England Rehabilitation Hospital,Total Asset Turnover,1.691,2.037,2.058,2.133,2.474
New England Rehabilitation Hospital,Fixed Asset Turnover,4.726,5.613,6.722,6.515,7.879
New England Rehabilitation Hospital,Average Age of Plant Depreciation Only,9.698,10.726,12.304,12.789,12.221
New England Rehabilitation Hospital,Total Operating Expense Growth,0.004,-0.001,-0.0,-0.009,0.059
New England Rehabilitation Hospital,Total Operating Revenue Growth,-0.03,0.058,0.023,-0.055,0.051
New England Rehabilitation Hospital,Long Term Debt to Equity,0.708,0.758,0.79,0.63,0.492
Northern Maine Medical Center,Current Ratio with Board Designated and Undesignated Investments,1.996,2.465,4.627,4.521,5.018
Northern Maine Medical Center,Current Ratio without Board Designated and Undesignated Investments,1.742,2.121,4.078,4.354,4.829
Northern Maine Medical Center,Days in Accounts Receivable,51.637,42.666,37.858,42.813,44.364
Northern Maine Medical Center,Acid Test,0.556,0.873,2.283,2.679,3.078
Northern Maine Medical Center,"Days Cash on Hand, Current",53.704,62.927,99.818,117.193,108.982
Northern Maine Medical Center,"Days Cash on Hand, Incl Board Designated & Undesignated Investments",78.246,87.752,123.83,124.52,115.692
Northern Maine Medical Center,"Average Payment Period, Accounts Payable and Accrued Expenses",61.197,32.84,32.976,32.631,32.938
Northern Maine Medical Center,"Average Payment Period, Current Liabilities",96.633,72.079,43.728,43.737,35.402
Northern Maine Medical Center,Equity Financing Ratio,0.569,0.598,0.711,0.712,0.73
Northern Maine Medical Center,Fixed Asset Financing,0.359,0.4,0.378,0.353,0.332
Northern Maine Medical Center,Cash Flow Divided by Total Debt,0.215,0.194,0.772,0.23,0.229
Northern Maine Medical Center,Cash Flow Divided by Total Debt with Operating Income Only,0.188,0.184,0.745,0.216,0.223
Northern Maine Medical Center,Debt Service Coverage,4.816,3.571,11.574,3.706,3.217
Northern Maine Medical Center,Debt Service Coverage with Operating Income Only,4.257,3.402,11.182,3.507,3.134
Northern Maine Medical Center,Total Margin,0.034,0.012,0.139,0.011,0.01
Northern Maine Medical Center,Operating Margin,0.023,0.009,0.133,0.007,0.008
Northern Maine Medical Center,Non Operating Revenue Margin,0.327,0.292,0.046,0.33,0.152
Northern Maine Medical Center,Return on Assets,0.036,0.014,0.169,0.012,0.012
Northern Maine Medical Center,Return on Equity,0.063,0.023,0.237,0.017,0.016
Northern Maine Medical Center,Markup,1.73,1.648,1.731,1.679,1.689
Northern Maine Medical Center,Deductible,0.392,0.388,0.376,0.401,0.422
Northern Maine Medical Center,Markup Adjustment for Deductible,1.074,1.027,1.101,1.041,1.023
Northern Maine Medical Center,Reported Income Index,1.327,1.47,1.006,1.022,1.0
Northern Maine Medical Center,Total Asset Turnover,1.039,1.112,1.215,1.107,1.193
Northern Maine Medical Center,Fixed Asset Turnover,2.27,2.5,3.085,2.831,3.002
Northern Maine Medical Center,Average Age of Plant Depreciation Only,9.486,9.65,11.258,12.037,13.78
Northern Maine Medical Center,Total Operating Expense Growth,0.056,0.058,0.049,0.063,0.07
Northern Maine Medical Center,Total Operating Revenue Growth,0.047,0.043,0.2,-0.073,0.071
Northern Maine Medical Center,Realized Gains Divided by NonOperating Revenue,0.104,0.03,-0.001,0.252,
Northern Maine Medical Center,Realized Gains Divided by NetIncome,0.034,0.009,-0.0,0.083,
Northern Maine Medical Center,Long Term Debt to Equity,0.286,0.296,0.208,0.193,0.18
Penobscot Bay Medical Center,Current Ratio with Board Designated and Undesignated Investments,1.897,0.726,0.747,0.85,1.551
Penobscot Bay Medical Center,Current Ratio without Board Designated and Undesignated Investments,1.897,0.726,0.747,0.85,1.539
Penobscot Bay Medical Center,Days in Accounts Receivable,53.166,58.632,53.621,43.956,41.145
Penobscot Bay Medical Center,Acid Test,0.586,0.26,0.147,0.304,0.09
Penobscot Bay Medical Center,"Days Cash on Hand, Current",38.523,34.198,18.832,37.442,4.191
Penobscot Bay Medical Center,"Days Cash on Hand, Incl Board Designated & Undesignated Investments",38.523,34.198,18.832,37.442,4.776
Penobscot Bay Medical Center,"Average Payment Period, Accounts Payable and Accrued Expenses",32.065,27.62,26.352,25.764,24.877
Penobscot Bay Medical Center,"Average Payment Period, Current Liabilities",65.703,131.755,128.436,123.299,46.634
Penobscot Bay Medical Center,Equity Financing Ratio,0.401,0.328,0.28,0.298,0.557
Penobscot Bay Medical Center,Fixed Asset Financing,0.412,0.37,0.34,0.307,0.264
Penobscot Bay Medical Center,Cash Flow Divided by Total Debt,0.011,-0.017,0.023,0.116,0.251
Penobscot Bay Medical Center,Cash Flow Divided by Total Debt with Operating Income Only,0.019,-0.028,0.021,0.115,0.246
Penobscot Bay Medical Center,Debt Service Coverage,0.467,-0.02,0.763,2.717,3.426
Penobscot Bay Medical Center,Debt Service Coverage with Operating Income Only,0.581,-0.2,0.72,2.677,3.364
Penobscot Bay Medical Center,Total Margin,-0.04,-0.059,-0.038,0.008,0.021
Penobscot Bay Medical Center,Operating Margin,-0.035,-0.065,-0.04,0.007,0.019
Penobscot Bay Medical Center,Non Operating Revenue Margin,0.104,-0.102,-0.034,0.117,0.064
Penobscot Bay Medical Center,Return on Assets,-0.042,-0.068,-0.046,0.011,0.034
Penobscot Bay Medical Center,Return on Equity,-0.104,-0.206,-0.165,0.038,0.062
Penobscot Bay Medical Center,Markup,1.874,1.88,1.938,2.126,2.321
Penobscot Bay Medical Center,Deductible,0.439,0.455,0.452,0.476,0.542
Penobscot Bay Medical Center,Markup Adjustment for Deductible,1.088,1.057,1.095,1.148,1.108
Penobscot Bay Medical Center,Reported Income Index,1.048,0.691,1.161,0.752,0.155
Penobscot Bay Medical Center,Total Asset Turnover,1.057,1.146,1.206,1.351,1.654
Penobscot Bay Medical Center,Fixed Asset Turnover,2.181,2.261,2.559,2.956,3.263
Penobscot Bay Medical Center,Average Age of Plant Depreciation Only,16.86,15.867,12.45,12.083,13.013
Penobscot Bay Medical Center,Total Operating Expense Growth,0.002,0.041,0.058,0.057,0.077
Penobscot Bay Medical Center,Total Operating Revenue Growth,-0.035,0.012,0.085,0.107,0.09
Penobscot Bay Medical Center,Realized Gains Divided by NonOperating Revenue,2.484,0.763,-0.238,-0.264,0.071
Penobscot Bay Medical Center,Realized Gains Divided by NetIncome,0.259,-0.078,0.008,-0.031,0.005
Penobscot Bay Medical Center,Long Term Debt to Equity,0.499,0.568,0.571,0.47,0.241
Penobscot Valley Hospital,Current Ratio with Board Designated and Undesignated Investments,1.167,1.081,0.703,0.472,1.489
Penobscot Valley Hospital,Current Ratio without Board Designated and Undesignated Investments,0.958,0.94,0.656,0.435,1.397
Penobscot Valley Hospital,Days in Accounts Receivable,42.916,44.119,50.224,54.656,51.91
Penobscot Valley Hospital,Acid Test,0.287,0.254,0.122,0.032,0.468
Penobscot Valley Hospital,"Days Cash on Hand, Current",24.361,19.504,13.381,5.2,31.902
Penobscot Valley Hospital,"Days Cash on Hand, Incl Board Designated & Undesignated Investments",42.081,30.315,18.535,11.034,38.208
Penobscot Valley Hospital,"Average Payment Period, Accounts Payable and Accrued Expenses",31.269,45.333,45.458,40.986,42.724
Penobscot Valley Hospital,"Average Payment Period, Current Liabilities",84.924,76.815,109.343,161.006,68.176
Penobscot Valley Hospital,Equity Financing Ratio,0.166,0.004,-0.165,-0.311,-0.456
Penobscot Valley Hospital,Fixed Asset Financing,0.82,0.838,0.847,0.164,
Penobscot Valley Hospital,Cash Flow Divided by Total Debt,-0.026,-0.11,-0.092,-0.039,0.013
Penobscot Valley Hospital,Cash Flow Divided by Total Debt with Operating Income Only,-0.033,-0.117,-0.097,-0.039,0.01
Penobscot Valley Hospital,Debt Service Coverage,-0.01,-1.211,-0.939,-0.183,0.058
Penobscot Valley Hospital,Debt Service Coverage with Operating Income Only,-0.118,-1.304,-1.004,-0.174,0.047
Penobscot Valley Hospital,Total Margin,-0.048,-0.093,-0.082,-0.055,-0.017
Penobscot Valley Hospital,Operating Margin,-0.051,-0.096,-0.085,-0.054,-0.019
Penobscot Valley Hospital,Non Operating Revenue Margin,-0.07,-0.035,-0.029,0.007,-0.128
Penobscot Valley Hospital,Return on Assets,-0.089,-0.189,-0.183,-0.126,-0.035
Penobscot Valley Hospital,Return on Equity,-0.538,-49.019,1.104,0.404,0.077
Penobscot Valley Hospital,Markup,1.529,1.523,1.536,1.723,1.929
Penobscot Valley Hospital,Deductible,0.294,0.311,0.325,0.371,0.414
Penobscot Valley Hospital,Markup Adjustment for Deductible,1.084,1.054,1.042,1.09,1.138
Penobscot Valley Hospital,Reported Income Index,0.995,0.998,1.076,1.024,0.211
Penobscot Valley Hospital,Total Asset Turnover,1.861,2.031,2.22,2.295,2.047
Penobscot Valley Hospital,Fixed Asset Turnover,3.895,4.129,4.446,4.595,4.885
Penobscot Valley Hospital,Average Age of Plant Depreciation Only,15.82,16.765,20.923,23.608,31.162
Penobscot Valley Hospital,Total Operating Expense Growth,-0.077,-0.022,-0.051,-0.116,-0.079
Penobscot Valley Hospital,Total Operating Revenue Growth,-0.088,-0.062,-0.041,-0.09,-0.047
Penobscot Valley Hospital,Realized Gains Divided by NonOperating Revenue,0.441,0.858,0.5,,
Penobscot Valley Hospital,Realized Gains Divided by NetIncome,-0.031,-0.03,-0.014,,
Penobscot Valley Hospital,Long Term Debt to Equity,2.359,106.884,-2.554,-0.263,
Redington-Fairview General Hospital,Current Ratio with Board Designated and Undesignated Investments,3.89,3.746,4.216,4.438,5.64
Redington-Fairview General Hospital,Current Ratio without Board Designated and Undesignated Investments,2.803,2.643,2.955,3.127,3.978
Redington-Fairview General Hospital,Days in Accounts Receivable,58.195,63.766,56.297,55.884,57.212
Redington-Fairview General Hospital,Acid Test,2.089,1.833,2.149,2.315,2.895
Redington-Fairview General Hospital,"Days Cash on Hand, Current",195.543,165.418,175.087,186.619,183.446
Redington-Fairview General Hospital,"Days Cash on Hand, Incl Board Designated & Undesignated Investments",297.281,265.033,277.865,292.285,288.723
Redington-Fairview General Hospital,"Average Payment Period, Accounts Payable and Accrued Expenses",41.624,38.438,36.315,36.192,39.919
Redington-Fairview General Hospital,"Average Payment Period, Current Liabilities",93.61,90.262,81.481,80.598,63.371
Redington-Fairview General Hospital,Equity Financing Ratio,0.548,0.528,0.574,0.611,0.674
Redington-Fairview General Hospital,Fixed Asset Financing,0.773,0.872,0.845,0.855,0.848
Redington-Fairview General Hospital,Cash Flow Divided by Total Debt,0.104,0.125,0.117,0.136,0.219
Redington-Fairview General Hospital,Cash Flow Divided by Total Debt with Operating Income Only,0.017,0.074,0.089,0.093,0.167
Redington-Fairview General Hospital,Debt Service Coverage,3.21,4.057,2.696,2.979,4.078
Redington-Fairview General Hospital,Debt Service Coverage with Operating Income Only,1.001,2.644,2.165,2.165,3.213
Redington-Fairview General Hospital,Total Margin,0.016,0.03,0.016,0.022,0.045
Redington-Fairview General Hospital,Operating Margin,-0.037,0.0,0.001,0.002,0.026
Redington-Fairview General Hospital,Non Operating Revenue Margin,3.2,0.996,0.923,0.924,0.429
Redington-Fairview General Hospital,Return on Assets,0.012,0.024,0.013,0.018,0.039
Redington-Fairview General Hospital,Return on Equity,0.022,0.045,0.022,0.03,0.058
Redington-Fairview General Hospital,Markup,1.547,1.588,1.627,1.641,1.668
Redington-Fairview General Hospital,Deductible,0.295,0.283,0.304,0.3,0.311
Redington-Fairview General Hospital,Markup Adjustment for Deductible,1.099,1.151,1.145,1.164,1.165
Redington-Fairview General Hospital,Reported Income Index,-0.168,2.384,0.232,0.347,0.506
Redington-Fairview General Hospital,Total Asset Turnover,0.779,0.805,0.811,0.827,0.865
Redington-Fairview General Hospital,Fixed Asset Turnover,2.85,2.773,2.95,3.381,3.826
Redington-Fairview General Hospital,Average Age of Plant Depreciation Only,13.547,13.636,13.672,15.17,17.042
Redington-Fairview General Hospital,Total Operating Expense Growth,0.056,0.078,0.039,0.043,0.044
Redington-Fairview General Hospital,Total Operating Revenue Growth,0.056,0.118,0.04,0.043,0.071
Redington-Fairview General Hospital,Long Term Debt to Equity,0.366,0.466,0.399,0.336,0.279
Rumford Community Hospital,Current Ratio with Board Designated and Undesignated Investments,4.352,2.525,2.255,2.216,1.932
Rumford Community Hospital,Current Ratio without Board Designated and Undesignated Investments,3.461,1.985,1.806,1.65,1.408
Rumford Community Hospital,Days in Accounts Receivable,59.611,47.618,39.12,37.969,34.181
Rumford Community Hospital,Acid Test,1.613,0.813,0.711,0.398,0.42
Rumford Community Hospital,"Days Cash on Hand, Current",44.695,34.864,40.49,19.991,22.329
Rumford Community Hospital,"Days Cash on Hand, Incl Board Designated & Undesignated Investments",69.37,58.011,66.048,48.437,50.213
Rumford Community Hospital,"Average Payment Period, Accounts Payable and Accrued Expenses",25.316,19.916,17.195,27.001,41.17
Rumford Community Hospital,"Average Payment Period, Current Liabilities",27.709,42.875,56.939,50.265,53.209
Rumford Community Hospital,Equity Financing Ratio,0.739,0.678,0.625,0.662,0.613
Rumford Community Hospital,Fixed Asset Financing,0.083,0.082,0.062,0.067,0.067
Rumford Community Hospital,Cash Flow Divided by Total Debt,0.135,0.046,0.146,0.053,0.105
Rumford Community Hospital,Cash Flow Divided by Total Debt with Operating Income Only,0.147,0.047,0.13,0.013,0.09
Rumford Community Hospital,Debt Service Coverage,3.429,1.642,4.95,2.156,8.647
Rumford Community Hospital,Debt Service Coverage with Operating Income Only,3.71,1.676,4.45,0.675,7.473
Rumford Community Hospital,Total Margin,-0.014,-0.025,0.001,-0.033,-0.019
Rumford Community Hospital,Operating Margin,-0.012,-0.024,-0.003,-0.042,-0.023
Rumford Community Hospital,Non Operating Revenue Margin,0.143,0.009,4.099,-0.252,-0.178
Rumford Community Hospital,Return on Assets,-0.022,-0.038,0.001,-0.053,-0.033
Rumford Community Hospital,Return on Equity,-0.029,-0.056,0.002,-0.08,-0.054
Rumford Community Hospital,Markup,1.952,1.935,2.108,2.054,1.959
Rumford Community Hospital,Deductible,0.454,0.441,0.475,0.486,0.458
Rumford Community Hospital,Markup Adjustment for Deductible,1.083,1.105,1.128,1.081,1.087
Rumford Community Hospital,Reported Income Index,1.281,1.234,-0.072,2.172,1.158
Rumford Community Hospital,Total Asset Turnover,1.51,1.541,1.501,1.588,1.694
Rumford Community Hospital,Fixed Asset Turnover,3.08,2.929,3.276,3.19,3.514
Rumford Community Hospital,Average Age of Plant Depreciation Only,14.738,16.135,15.886,13.851,13.685
Rumford Community Hospital,Total Operating Expense Growth,0.066,0.075,-0.001,-0.004,0.086
Rumford Community Hospital,Total Operating Revenue Growth,0.043,0.063,0.021,-0.042,0.106
Rumford Community Hospital,Realized Gains Divided by NonOperating Revenue,0.202,5.665,0.185,0.562,0.437
Rumford Community Hospital,Realized Gains Divided by NetIncome,0.029,0.053,0.757,-0.142,-0.078
Rumford Community Hospital,Long Term Debt to Equity,0.055,0.063,0.045,0.05,0.052
Sebasticook Valley Hospital,Current Ratio with Board Designated and Undesignated Investments,2.734,3.597,2.319,3.581,4.463
Sebasticook Valley Hospital,Current Ratio without Board Designated and Undesignated Investments,1.606,2.091,2.246,3.445,4.327
Sebasticook Valley Hospital,Days in Accounts Receivable,33.031,30.596,25.759,23.76,36.941
Sebasticook Valley Hospital,Acid Test,0.839,1.076,1.332,2.621,2.92
Sebasticook Valley Hospital,"Days Cash on Hand, Current",64.103,64.142,96.153,147.547,155.35
Sebasticook Valley Hospital,"Days Cash on Hand, Incl Board Designated & Undesignated Investments",150.308,153.858,101.44,155.175,162.62
Sebasticook Valley Hospital,"Average Payment Period, Accounts Payable and Accrued Expenses",34.51,29.478,25.462,24.453,23.952
Sebasticook Valley Hospital,"Average Payment Period, Current Liabilities",76.44,59.589,72.207,56.288,53.207
Sebasticook Valley Hospital,Equity Financing Ratio,0.558,0.61,0.58,0.688,0.736
Sebasticook Valley Hospital,Fixed Asset Financing,0.393,0.375,0.359,0.327,0.297
Sebasticook Valley Hospital,Cash Flow Divided by Total Debt,0.197,0.236,0.463,0.609,0.489
Sebasticook Valley Hospital,Cash Flow Divided by Total Debt with Operating Income Only,0.162,0.209,0.367,0.604,0.489
Sebasticook Valley Hospital,Debt Service Coverage,4.134,4.38,7.573,7.983,5.721
Sebasticook Valley Hospital,Debt Service Coverage with Operating Income Only,3.445,3.926,6.054,7.919,5.72
Sebasticook Valley Hospital,Total Margin,0.05,0.05,0.134,0.139,0.1
Sebasticook Valley Hospital,Operating Margin,0.033,0.04,0.104,0.138,0.1
Sebasticook Valley Hospital,Non Operating Revenue Margin,0.355,0.218,0.252,0.01,0.0
Sebasticook Valley Hospital,Return on Assets,0.044,0.047,0.161,0.16,0.102
Sebasticook Valley Hospital,Return on Equity,0.079,0.077,0.277,0.232,0.139
Sebasticook Valley Hospital,Markup,1.755,1.764,1.801,1.819,1.943
Sebasticook Valley Hospital,Deductible,0.347,0.348,0.363,0.354,0.398
Sebasticook Valley Hospital,Markup Adjustment for Deductible,1.165,1.171,1.165,1.189,1.196
Sebasticook Valley Hospital,Reported Income Index,1.94,1.103,-1.165,1.012,1.019
Sebasticook Valley Hospital,Total Asset Turnover,0.877,0.939,1.196,1.146,1.023
Sebasticook Valley Hospital,Fixed Asset Turnover,1.759,1.966,2.194,2.433,2.448
Sebasticook Valley Hospital,Average Age of Plant Depreciation Only,11.628,12.116,16.899,18.233,19.825
Sebasticook Valley Hospital,Total Operating Expense Growth,0.07,0.053,-0.013,0.042,0.01
Sebasticook Valley Hospital,Total Operating Revenue Growth,0.035,0.06,0.058,0.083,-0.033
Sebasticook Valley Hospital,Realized Gains Divided by NonOperating Revenue,0.325,0.607,0.944,0.833,
Sebasticook Valley Hospital,Realized Gains Divided by NetIncome,0.115,0.132,0.238,0.008,
Sebasticook Valley Hospital,Long Term Debt to Equity,0.344,0.291,0.326,0.224,0.169
Southern Maine Health Care,Current Ratio with Board Designated and Undesignated Investments,1.918,1.852,2.214,2.202,1.382
Southern Maine Health Care,Current Ratio without Board Designated and Undesignated Investments,0.765,0.77,1.045,1.141,1.382
Southern Maine Health Care,Days in Accounts Receivable,58.779,52.291,52.421,44.007,39.181
Southern Maine Health Care,Acid Test,0.045,0.088,0.116,0.348,0.076
Southern Maine Health Care,"Days Cash on Hand, Current",4.302,8.135,8.837,25.884,2.824
Southern Maine Health Care,"Days Cash on Hand, Incl Board Designated & Undesignated Investments",113.699,108.229,98.022,104.861,2.824
Southern Maine Health Care,"Average Payment Period, Accounts Payable and Accrued Expenses",30.723,23.96,29.749,26.899,25.719
Southern Maine Health Care,"Average Payment Period, Current Liabilities",94.931,92.429,76.353,74.471,36.97
Southern Maine Health Care,Equity Financing Ratio,0.493,0.49,0.509,0.515,0.505
Southern Maine Health Care,Fixed Asset Financing,0.491,0.458,0.472,0.454,0.37
Southern Maine Health Care,Cash Flow Divided by Total Debt,0.047,0.058,0.137,0.087,0.25
Southern Maine Health Care,Cash Flow Divided by Total Debt with Operating Income Only,0.025,0.034,0.101,0.073,0.25
Southern Maine Health Care,Debt Service Coverage,1.212,1.517,2.694,1.657,3.165
Southern Maine Health Care,Debt Service Coverage with Operating Income Only,0.827,1.056,2.081,1.451,3.158
Southern Maine Health Care,Total Margin,-0.023,-0.017,0.014,-0.017,0.019
Southern Maine Health Care,Operating Margin,-0.034,-0.028,-0.002,-0.023,0.019
Southern Maine Health Care,Non Operating Revenue Margin,-0.457,-0.692,1.12,-0.33,0.009
Southern Maine Health Care,Return on Assets,-0.024,-0.018,0.016,-0.02,0.034
Southern Maine Health Care,Return on Equity,-0.048,-0.036,0.031,-0.038,0.068
Southern Maine Health Care,Markup,2.146,2.174,2.179,2.262,2.42
Southern Maine Health Care,Deductible,0.517,0.505,0.496,0.502,0.53
Southern Maine Health Care,Markup Adjustment for Deductible,1.055,1.089,1.111,1.141,1.152
Southern Maine Health Care,Reported Income Index,0.502,5.968,0.416,1.217,-0.132
Southern Maine Health Care,Total Asset Turnover,1.026,1.064,1.1,1.17,1.84
Southern Maine Health Care,Fixed Asset Turnover,2.567,2.755,3.077,3.484,3.753
Southern Maine Health Care,Average Age of Plant Depreciation Only,14.725,15.744,14.73,13.03,13.069
Southern Maine Health Care,Total Operating Expense Growth,0.042,0.028,0.042,0.052,0.022
Southern Maine Health Care,Total Operating Revenue Growth,0.032,0.034,0.07,0.031,0.065
Southern Maine Health Care,Realized Gains Divided by NonOperating Revenue,0.401,0.273,0.516,-0.176,-18.378
Southern Maine Health Care,Realized Gains Divided by NetIncome,-0.183,-0.189,0.578,0.058,-0.165
Southern Maine Health Care,Long Term Debt to Equity,0.395,0.357,0.326,0.295,0.359
St. Joseph Hospital,Current Ratio with Board Designated and Undesignated Investments,2.167,2.388,3.179,1.495,1.801
St. Joseph Hospital,Current Ratio without Board Designated and Undesignated Investments,1.715,1.939,2.035,1.076,1.401
St. Joseph Hospital,Days in Accounts Receivable,47.872,53.234,44.165,43.74,46.342
St. Joseph Hospital,Acid Test,0.672,0.712,0.706,0.25,0.253
St. Joseph Hospital,"Days Cash on Hand, Current",36.062,37.225,26.512,13.607,13.816
St. Joseph Hospital,"Days Cash on Hand, Incl Board Designated & Undesignated Investments",60.265,60.661,69.472,36.375,35.585
St. Joseph Hospital,"Average Payment Period, Accounts Payable and Accrued Expenses",30.23,31.7,34.219,35.662,37.243
St. Joseph Hospital,"Average Payment Period, Current Liabilities",53.626,52.252,37.563,54.383,54.53
St. Joseph Hospital,Equity Financing Ratio,0.348,0.402,0.487,0.366,0.393
St. Joseph Hospital,Fixed Asset Financing,0.677,0.686,0.773,0.467,0.614
St. Joseph Hospital,Cash Flow Divided by Total Debt,0.148,0.193,0.18,-0.25,0.131
St. Joseph Hospital,Cash Flow Divided by Total Debt with Operating Income Only,0.127,0.183,0.125,-0.244,0.115
St. Joseph Hospital,Debt Service Coverage,3.054,3.751,3.2,-3.561,0.785
St. Joseph Hospital,Debt Service Coverage with Operating Income Only,2.684,3.578,2.326,-3.472,0.702
St. Joseph Hospital,Total Margin,0.021,0.031,0.021,-0.096,0.014
St. Joseph Hospital,Operating Margin,0.013,0.028,0.006,-0.094,0.009
St. Joseph Hospital,Non Operating Revenue Margin,0.357,0.1,0.708,0.017,0.312
St. Joseph Hospital,Return on Assets,0.037,0.059,0.04,-0.214,0.031
St. Joseph Hospital,Return on Equity,0.107,0.147,0.082,-0.585,0.079
St. Joseph Hospital,Markup,2.316,2.291,2.311,2.275,2.654
St. Joseph Hospital,Deductible,0.514,0.495,0.527,0.559,0.598
St. Joseph Hospital,Markup Adjustment for Deductible,1.14,1.165,1.103,1.016,1.085
St. Joseph Hospital,Reported Income Index,-0.792,0.811,0.418,0.993,0.534
St. Joseph Hospital,Total Asset Turnover,1.807,1.871,1.894,2.229,2.275
St. Joseph Hospital,Fixed Asset Turnover,4.12,4.973,5.252,4.915,5.594
St. Joseph Hospital,Average Age of Plant Depreciation Only,12.621,13.445,14.93,17.812,19.554
St. Joseph Hospital,Total Operating Expense Growth,0.196,0.083,0.05,0.105,0.003
St. Joseph Hospital,Total Operating Revenue Growth,0.104,0.1,0.026,0.004,0.108
St. Joseph Hospital,Realized Gains Divided by NonOperating Revenue,0.365,-0.152,,,
St. Joseph Hospital,Realized Gains Divided by NetIncome,0.13,-0.015,,,
St. Joseph Hospital,Long Term Debt to Equity,0.846,0.641,0.563,0.581,0.633
St. Mary's Regional Medical Center,Current Ratio with Board Designated and Undesignated Investments,3.87,4.022,3.625,2.202,2.158
St. Mary's Regional Medical Center,Current Ratio without Board Designated and Undesignated Investments,2.126,2.469,2.332,1.992,2.004
St. Mary's Regional Medical Center,Days in Accounts Receivable,41.181,40.173,42.703,55.739,53.569
St. Mary's Regional Medical Center,Acid Test,0.169,0.31,0.231,0.653,0.32
St. Mary's Regional Medical Center,"Days Cash on Hand, Current",7.491,13.748,10.491,26.788,17.269
St. Mary's Regional Medical Center,"Days Cash on Hand, Incl Board Designated & Undesignated Investments",84.686,82.749,69.126,35.373,25.601
St. Mary's Regional Medical Center,"Average Payment Period, Accounts Payable and Accrued Expenses",36.26,37.205,33.214,40.83,46.361
St. Mary's Regional Medical Center,"Average Payment Period, Current Liabilities",44.267,44.415,45.352,41.007,53.948
St. Mary's Regional Medical Center,Equity Financing Ratio,0.575,0.576,0.581,0.524,0.489
St. Mary's Regional Medical Center,Fixed Asset Financing,0.657,0.633,0.679,0.424,0.562
St. Mary's Regional Medical Center,Cash Flow Divided by Total Debt,0.046,0.141,0.109,-0.341,0.069
St. Mary's Regional Medical Center,Cash Flow Divided by Total Debt with Operating Income Only,0.053,0.113,0.068,-0.311,0.067
St. Mary's Regional Medical Center,Debt Service Coverage,1.188,2.422,1.936,-4.441,0.37
St. Mary's Regional Medical Center,Debt Service Coverage with Operating Income Only,1.302,2.012,1.356,-4.026,0.364
St. Mary's Regional Medical Center,Total Margin,-0.015,0.02,0.008,-0.129,-0.004
St. Mary's Regional Medical Center,Operating Margin,-0.012,0.01,-0.005,-0.119,-0.004
St. Mary's Regional Medical Center,Non Operating Revenue Margin,0.178,0.5,1.625,0.067,-0.127
St. Mary's Regional Medical Center,Return on Assets,-0.017,0.024,0.01,-0.209,-0.006
St. Mary's Regional Medical Center,Return on Equity,-0.03,0.042,0.018,-0.398,-0.012
St. Mary's Regional Medical Center,Markup,2.453,2.587,2.577,2.499,2.66
St. Mary's Regional Medical Center,Deductible,0.58,0.587,0.584,0.613,0.607
St. Mary's Regional Medical Center,Markup Adjustment for Deductible,1.086,1.106,1.114,1.014,1.09
St. Mary's Regional Medical Center,Reported Income Index,-0.768,1.862,1.018,0.957,-0.164
St. Mary's Regional Medical Center,Total Asset Turnover,1.185,1.221,1.28,1.615,1.607
St. Mary's Regional Medical Center,Fixed Asset Turnover,2.939,3.167,3.236,3.307,3.563
St. Mary's Regional Medical Center,Average Age of Plant Depreciation Only,14.243,15.48,16.521,16.962,17.557
St. Mary's Regional Medical Center,Total Operating Expense Growth,0.19,0.015,0.071,0.125,0.023
St. Mary's Regional Medical Center,Total Operating Revenue Growth,0.195,0.038,0.055,0.01,0.14
St. Mary's Regional Medical Center,Long Term Debt to Equity,0.463,0.419,0.456,0.399,0.518
Stephens Memorial Hospital,Current Ratio with Board Designated and Undesignated Investments,2.322,2.548,2.778,2.324,0.603
Stephens Memorial Hospital,Current Ratio without Board Designated and Undesignated Investments,1.783,1.939,2.161,1.885,0.581
Stephens Memorial Hospital,Days in Accounts Receivable,37.156,37.596,32.436,27.945,32.534
Stephens Memorial Hospital,Acid Test,1.228,1.24,1.417,1.386,0.019
Stephens Memorial Hospital,"Days Cash on Hand, Current",114.942,91.632,87.784,109.026,1.726
Stephens Memorial Hospital,"Days Cash on Hand, Incl Board Designated & Undesignated Investments",165.387,136.64,126.008,143.568,3.768
Stephens Memorial Hospital,"Average Payment Period, Accounts Payable and Accrued Expenses",33.208,30.846,26.482,28.385,29.456
Stephens Memorial Hospital,"Average Payment Period, Current Liabilities",93.593,73.882,61.945,78.665,91.788
Stephens Memorial Hospital,Equity Financing Ratio,0.606,0.666,0.696,0.668,0.386
Stephens Memorial Hospital,Fixed Asset Financing,0.364,0.259,0.23,0.208,0.178
Stephens Memorial Hospital,Cash Flow Divided by Total Debt,0.218,0.283,0.346,0.23,0.261
Stephens Memorial Hospital,Cash Flow Divided by Total Debt with Operating Income Only,0.228,0.267,0.328,0.229,0.278
Stephens Memorial Hospital,Debt Service Coverage,19.997,10.752,11.653,9.205,11.328
Stephens Memorial Hospital,Debt Service Coverage with Operating Income Only,20.84,10.141,11.052,9.136,12.048
Stephens Memorial Hospital,Total Margin,0.06,0.054,0.056,0.029,0.037
Stephens Memorial Hospital,Operating Margin,0.064,0.049,0.051,0.028,0.042
Stephens Memorial Hospital,Non Operating Revenue Margin,-0.068,0.101,0.094,0.02,-0.146
Stephens Memorial Hospital,Return on Assets,0.055,0.055,0.06,0.031,0.072
Stephens Memorial Hospital,Return on Equity,0.091,0.083,0.087,0.046,0.186
Stephens Memorial Hospital,Markup,1.772,1.767,1.799,1.813,1.874
Stephens Memorial Hospital,Deductible,0.351,0.343,0.352,0.376,0.388
Stephens Memorial Hospital,Markup Adjustment for Deductible,1.157,1.169,1.177,1.145,1.165
Stephens Memorial Hospital,Reported Income Index,1.098,1.876,1.584,1.1,-0.097
Stephens Memorial Hospital,Total Asset Turnover,0.922,1.029,1.078,1.065,1.955
Stephens Memorial Hospital,Fixed Asset Turnover,3.958,3.152,3.161,3.326,3.394
Stephens Memorial Hospital,Average Age of Plant Depreciation Only,16.145,14.031,12.654,12.178,11.283
Stephens Memorial Hospital,Total Operating Expense Growth,0.064,0.07,0.059,0.104,0.078
Stephens Memorial Hospital,Total Operating Revenue Growth,0.053,0.053,0.061,0.078,0.093
Stephens Memorial Hospital,Long Term Debt to Equity,0.14,0.126,0.112,0.099,0.267
Waldo County General Hospital,Current Ratio with Board Designated and Undesignated Investments,3.799,4.486,8.502,7.538,6.21
Waldo County General Hospital,Current Ratio without Board Designated and Undesignated Investments,0.962,1.085,7.981,7.119,3.085
Waldo County General Hospital,Days in Accounts Receivable,34.538,37.408,38.629,34.22,33.116
Waldo County General Hospital,Acid Test,0.398,0.406,7.034,5.612,0.039
Waldo County General Hospital,"Days Cash on Hand, Current",39.175,32.475,288.759,280.437,1.183
Waldo County General Hospital,"Days Cash on Hand, Incl Board Designated & Undesignated Investments",318.163,304.403,310.148,301.34,95.361
Waldo County General Hospital,"Average Payment Period, Accounts Payable and Accrued Expenses",34.542,35.635,27.009,30.586,24.856
Waldo County General Hospital,"Average Payment Period, Current Liabilities",98.326,79.954,41.052,49.973,30.137
Waldo County General Hospital,Equity Financing Ratio,0.716,0.731,0.826,0.831,0.845
Waldo County General Hospital,Fixed Asset Financing,0.222,0.168,0.143,0.12,0.088
Waldo County General Hospital,Cash Flow Divided by Total Debt,0.362,0.49,0.89,0.741,0.913
Waldo County General Hospital,Cash Flow Divided by Total Debt with Operating Income Only,0.345,0.312,0.558,0.416,0.739
Waldo County General Hospital,Debt Service Coverage,18.382,28.987,29.186,25.18,21.673
Waldo County General Hospital,Debt Service Coverage with Operating Income Only,17.537,18.524,18.429,14.301,17.624
Waldo County General Hospital,Total Margin,0.086,0.125,0.14,0.112,0.077
Waldo County General Hospital,Operating Margin,0.08,0.068,0.076,0.045,0.054
Waldo County General Hospital,Non Operating Revenue Margin,0.073,0.491,0.493,0.625,0.315
Waldo County General Hospital,Return on Assets,0.065,0.098,0.118,0.088,0.085
Waldo County General Hospital,Return on Equity,0.091,0.134,0.143,0.106,0.101
Waldo County General Hospital,Markup,1.769,1.762,1.744,1.698,1.716
Waldo County General Hospital,Deductible,0.331,0.331,0.335,0.329,0.352
Waldo County General Hospital,Markup Adjustment for Deductible,1.197,1.195,1.18,1.163,1.134
Waldo County General Hospital,Reported Income Index,1.097,1.088,1.039,1.06,-0.27
Waldo County General Hospital,Total Asset Turnover,0.76,0.78,0.84,0.784,1.115
Waldo County General Hospital,Fixed Asset Turnover,3.365,3.055,3.135,2.977,2.625
Waldo County General Hospital,Average Age of Plant Depreciation Only,10.891,11.196,10.104,9.996,10.227
Waldo County General Hospital,Total Operating Expense Growth,0.039,0.097,0.087,0.062,0.06
Waldo County General Hospital,Total Operating Revenue Growth,0.133,0.083,0.097,0.028,0.069
Waldo County General Hospital,Realized Gains Divided by NonOperating Revenue,-2.042,0.673,0.756,0.532,0.245
Waldo County General Hospital,Realized Gains Divided by NetIncome,-0.15,0.33,0.372,0.333,0.077
Waldo County General Hospital,Long Term Debt to Equity,0.07,0.055,0.043,0.035,0.043
York Hospital,Current Ratio with Board Designated and Undesignated Investments,4.615,4.528,3.853,3.44,3.032
York Hospital,Current Ratio without Board Designated and Undesignated Investments,2.168,2.204,1.764,1.808,1.872
York Hospital,Days in Accounts Receivable,51.064,49.677,49.345,50.417,46.975
York Hospital,Acid Test,0.125,0.345,0.083,0.09,0.085
York Hospital,"Days Cash on Hand, Current",3.824,11.327,3.131,3.364,3.122
York Hospital,"Days Cash on Hand, Incl Board Designated & Undesignated Investments",78.555,87.576,82.09,64.658,45.931
York Hospital,"Average Payment Period, Accounts Payable and Accrued Expenses",27.249,29.36,34.25,34.57,34.134
York Hospital,"Average Payment Period, Current Liabilities",30.539,32.811,37.801,37.563,36.916
York Hospital,Equity Financing Ratio,0.646,0.54,0.553,0.561,0.53
York Hospital,Fixed Asset Financing,0.315,0.317,0.273,0.255,0.312
York Hospital,Cash Flow Divided by Total Debt,0.12,0.067,0.156,-0.004,0.009
York Hospital,Cash Flow Divided by Total Debt with Operating Income Only,0.094,0.035,0.036,0.054,-0.052
York Hospital,Debt Service Coverage,2.308,2.186,4.46,0.171,0.503
York Hospital,Debt Service Coverage with Operating Income Only,1.886,1.297,1.259,1.572,-1.191
York Hospital,Total Margin,0.001,-0.003,0.025,-0.03,-0.021
York Hospital,Operating Margin,-0.005,-0.014,-0.016,-0.012,-0.039
York Hospital,Non Operating Revenue Margin,5.891,-3.905,1.608,0.601,-0.824
York Hospital,Return on Assets,0.002,-0.004,0.033,-0.043,-0.035
York Hospital,Return on Equity,0.002,-0.007,0.061,-0.076,-0.066
York Hospital,Markup,2.21,2.204,2.247,2.264,2.234
York Hospital,Deductible,0.512,0.512,0.527,0.536,0.55
York Hospital,Markup Adjustment for Deductible,1.089,1.087,1.073,1.061,1.016
York Hospital,Reported Income Index,0.06,0.47,1.56,1.011,0.518
York Hospital,Total Asset Turnover,1.502,1.292,1.326,1.439,1.67
York Hospital,Fixed Asset Turnover,3.523,3.269,3.114,3.436,3.712
York Hospital,Average Age of Plant Depreciation Only,16.539,17.284,17.0,17.162,19.897
York Hospital,Total Operating Expense Growth,0.077,0.019,0.013,0.051,0.08
York Hospital,Total Operating Revenue Growth,0.092,0.009,0.012,0.056,0.051
York Hospital,Realized Gains Divided by NonOperating Revenue,-0.959,0.871,0.658,0.685,1.252
York Hospital,Realized Gains Divided by NetIncome,-5.653,-3.402,1.058,0.411,-1.032
York Hospital,Long Term Debt to Equity,0.207,0.23,0.202,0.194,0.26
